baseline_trace_sha256,binary_sha256,candidate_trace_sha256,command,configuration,git_dirty,git_revision,invocation,layer,max_abs,mode,records,rmse,site,threads,top1_changes,top1_rows,values
d444685ef3228ef0f01eee77644159391f164fdf83c26382b42ed6e2b3825ef2,f05906efefe2cee8cd8652a83b7c795128abef00ec21aec6ad7dfa318a7304e9,0d1aea07df0c99085ffc2750f018b9f7be2a0c39ffb3a8282a0bd63552eb6ce3,replay,w8a8_fp32,True,4e9f6c50354337c415bb8c37e3ed23736ee0af40,"[""/home/rmj/FPGA_LLM/llama2.c/build/smollm"",""replay"",""--mode"",""traces"",""--trace"",""/home/rmj/FPGA_LLM/llama2.c/traces/numerical/fp32_fp32.smtrace"",""--other"",""/home/rmj/FPGA_LLM/llama2.c/traces/numerical/w8a8_fp32.smtrace""]",-1,0.00311904028058,traces,57,0.000795755879572,embedding,1,0,57,32832
d444685ef3228ef0f01eee77644159391f164fdf83c26382b42ed6e2b3825ef2,f05906efefe2cee8cd8652a83b7c795128abef00ec21aec6ad7dfa318a7304e9,0d1aea07df0c99085ffc2750f018b9f7be2a0c39ffb3a8282a0bd63552eb6ce3,replay,w8a8_fp32,True,4e9f6c50354337c415bb8c37e3ed23736ee0af40,"[""/home/rmj/FPGA_LLM/llama2.c/build/smollm"",""replay"",""--mode"",""traces"",""--trace"",""/home/rmj/FPGA_LLM/llama2.c/traces/numerical/fp32_fp32.smtrace"",""--other"",""/home/rmj/FPGA_LLM/llama2.c/traces/numerical/w8a8_fp32.smtrace""]",0,0.0287070274353,traces,114,0.00869296040019,rms.rsqrt,1,0,0,114
d444685ef3228ef0f01eee77644159391f164fdf83c26382b42ed6e2b3825ef2,f05906efefe2cee8cd8652a83b7c795128abef00ec21aec6ad7dfa318a7304e9,0d1aea07df0c99085ffc2750f018b9f7be2a0c39ffb3a8282a0bd63552eb6ce3,replay,w8a8_fp32,True,4e9f6c50354337c415bb8c37e3ed23736ee0af40,"[""/home/rmj/FPGA_LLM/llama2.c/build/smollm"",""replay"",""--mode"",""traces"",""--trace"",""/home/rmj/FPGA_LLM/llama2.c/traces/numerical/fp32_fp32.smtrace"",""--other"",""/home/rmj/FPGA_LLM/llama2.c/traces/numerical/w8a8_fp32.smtrace""]",0,0.00505328178406,traces,57,0.000282275304308,attn_norm,1,1,57,32832
d444685ef3228ef0f01eee77644159391f164fdf83c26382b42ed6e2b3825ef2,f05906efefe2cee8cd8652a83b7c795128abef00ec21aec6ad7dfa318a7304e9,0d1aea07df0c99085ffc2750f018b9f7be2a0c39ffb3a8282a0bd63552eb6ce3,replay,w8a8_fp32,True,4e9f6c50354337c415bb8c37e3ed23736ee0af40,"[""/home/rmj/FPGA_LLM/llama2.c/build/smollm"",""replay"",""--mode"",""traces"",""--trace"",""/home/rmj/FPGA_LLM/llama2.c/traces/numerical/fp32_fp32.smtrace"",""--other"",""/home/rmj/FPGA_LLM/llama2.c/traces/numerical/w8a8_fp32.smtrace""]",0,0.0695152282715,traces,57,0.00585558049535,model.layers.0.self_attn.q_proj.weight,1,0,57,32832
d444685ef3228ef0f01eee77644159391f164fdf83c26382b42ed6e2b3825ef2,f05906efefe2cee8cd8652a83b7c795128abef00ec21aec6ad7dfa318a7304e9,0d1aea07df0c99085ffc2750f018b9f7be2a0c39ffb3a8282a0bd63552eb6ce3,replay,w8a8_fp32,True,4e9f6c50354337c415bb8c37e3ed23736ee0af40,"[""/home/rmj/FPGA_LLM/llama2.c/build/smollm"",""replay"",""--mode"",""traces"",""--trace"",""/home/rmj/FPGA_LLM/llama2.c/traces/numerical/fp32_fp32.smtrace"",""--other"",""/home/rmj/FPGA_LLM/llama2.c/traces/numerical/w8a8_fp32.smtrace""]",0,0.0940237045288,traces,57,0.00814547185625,model.layers.0.self_attn.k_proj.weight,1,0,57,10944
d444685ef3228ef0f01eee77644159391f164fdf83c26382b42ed6e2b3825ef2,f05906efefe2cee8cd8652a83b7c795128abef00ec21aec6ad7dfa318a7304e9,0d1aea07df0c99085ffc2750f018b9f7be2a0c39ffb3a8282a0bd63552eb6ce3,replay,w8a8_fp32,True,4e9f6c50354337c415bb8c37e3ed23736ee0af40,"[""/home/rmj/FPGA_LLM/llama2.c/build/smollm"",""replay"",""--mode"",""traces"",""--trace"",""/home/rmj/FPGA_LLM/llama2.c/traces/numerical/fp32_fp32.smtrace"",""--other"",""/home/rmj/FPGA_LLM/llama2.c/traces/numerical/w8a8_fp32.smtrace""]",0,0.00443807803094,traces,57,0.000890167882231,model.layers.0.self_attn.v_proj.weight,1,1,57,10944
d444685ef3228ef0f01eee77644159391f164fdf83c26382b42ed6e2b3825ef2,f05906efefe2cee8cd8652a83b7c795128abef00ec21aec6ad7dfa318a7304e9,0d1aea07df0c99085ffc2750f018b9f7be2a0c39ffb3a8282a0bd63552eb6ce3,replay,w8a8_fp32,True,4e9f6c50354337c415bb8c37e3ed23736ee0af40,"[""/home/rmj/FPGA_LLM/llama2.c/build/smollm"",""replay"",""--mode"",""traces"",""--trace"",""/home/rmj/FPGA_LLM/llama2.c/traces/numerical/fp32_fp32.smtrace"",""--other"",""/home/rmj/FPGA_LLM/llama2.c/traces/numerical/w8a8_fp32.smtrace""]",0,0,traces,114,0,rope.sincos,1,0,114,7296
d444685ef3228ef0f01eee77644159391f164fdf83c26382b42ed6e2b3825ef2,f05906efefe2cee8cd8652a83b7c795128abef00ec21aec6ad7dfa318a7304e9,0d1aea07df0c99085ffc2750f018b9f7be2a0c39ffb3a8282a0bd63552eb6ce3,replay,w8a8_fp32,True,4e9f6c50354337c415bb8c37e3ed23736ee0af40,"[""/home/rmj/FPGA_LLM/llama2.c/build/smollm"",""replay"",""--mode"",""traces"",""--trace"",""/home/rmj/FPGA_LLM/llama2.c/traces/numerical/fp32_fp32.smtrace"",""--other"",""/home/rmj/FPGA_LLM/llama2.c/traces/numerical/w8a8_fp32.smtrace""]",0,0.0695152282715,traces,57,0.00585558043925,q_rope,1,0,57,32832
d444685ef3228ef0f01eee77644159391f164fdf83c26382b42ed6e2b3825ef2,f05906efefe2cee8cd8652a83b7c795128abef00ec21aec6ad7dfa318a7304e9,0d1aea07df0c99085ffc2750f018b9f7be2a0c39ffb3a8282a0bd63552eb6ce3,replay,w8a8_fp32,True,4e9f6c50354337c415bb8c37e3ed23736ee0af40,"[""/home/rmj/FPGA_LLM/llama2.c/build/smollm"",""replay"",""--mode"",""traces"",""--trace"",""/home/rmj/FPGA_LLM/llama2.c/traces/numerical/fp32_fp32.smtrace"",""--other"",""/home/rmj/FPGA_LLM/llama2.c/traces/numerical/w8a8_fp32.smtrace""]",0,0.0940237045288,traces,57,0.00814547235633,k_rope,1,0,57,10944
d444685ef3228ef0f01eee77644159391f164fdf83c26382b42ed6e2b3825ef2,f05906efefe2cee8cd8652a83b7c795128abef00ec21aec6ad7dfa318a7304e9,0d1aea07df0c99085ffc2750f018b9f7be2a0c39ffb3a8282a0bd63552eb6ce3,replay,w8a8_fp32,True,4e9f6c50354337c415bb8c37e3ed23736ee0af40,"[""/home/rmj/FPGA_LLM/llama2.c/build/smollm"",""replay"",""--mode"",""traces"",""--trace"",""/home/rmj/FPGA_LLM/llama2.c/traces/numerical/fp32_fp32.smtrace"",""--other"",""/home/rmj/FPGA_LLM/llama2.c/traces/numerical/w8a8_fp32.smtrace""]",0,0.00443807803094,traces,57,0.000890167882231,v,1,1,57,10944
d444685ef3228ef0f01eee77644159391f164fdf83c26382b42ed6e2b3825ef2,f05906efefe2cee8cd8652a83b7c795128abef00ec21aec6ad7dfa318a7304e9,0d1aea07df0c99085ffc2750f018b9f7be2a0c39ffb3a8282a0bd63552eb6ce3,replay,w8a8_fp32,True,4e9f6c50354337c415bb8c37e3ed23736ee0af40,"[""/home/rmj/FPGA_LLM/llama2.c/build/smollm"",""replay"",""--mode"",""traces"",""--trace"",""/home/rmj/FPGA_LLM/llama2.c/traces/numerical/fp32_fp32.smtrace"",""--other"",""/home/rmj/FPGA_LLM/llama2.c/traces/numerical/w8a8_fp32.smtrace""]",0,0.0760917663574,traces,513,0.00555993091986,softmax.exp,1,10,504,14877
d444685ef3228ef0f01eee77644159391f164fdf83c26382b42ed6e2b3825ef2,f05906efefe2cee8cd8652a83b7c795128abef00ec21aec6ad7dfa318a7304e9,0d1aea07df0c99085ffc2750f018b9f7be2a0c39ffb3a8282a0bd63552eb6ce3,replay,w8a8_fp32,True,4e9f6c50354337c415bb8c37e3ed23736ee0af40,"[""/home/rmj/FPGA_LLM/llama2.c/build/smollm"",""replay"",""--mode"",""traces"",""--trace"",""/home/rmj/FPGA_LLM/llama2.c/traces/numerical/fp32_fp32.smtrace"",""--other"",""/home/rmj/FPGA_LLM/llama2.c/traces/numerical/w8a8_fp32.smtrace""]",0,0.0135933160782,traces,513,0.00262140920641,softmax.reciprocal,1,0,0,513
d444685ef3228ef0f01eee77644159391f164fdf83c26382b42ed6e2b3825ef2,f05906efefe2cee8cd8652a83b7c795128abef00ec21aec6ad7dfa318a7304e9,0d1aea07df0c99085ffc2750f018b9f7be2a0c39ffb3a8282a0bd63552eb6ce3,replay,w8a8_fp32,True,4e9f6c50354337c415bb8c37e3ed23736ee0af40,"[""/home/rmj/FPGA_LLM/llama2.c/build/smollm"",""replay"",""--mode"",""traces"",""--trace"",""/home/rmj/FPGA_LLM/llama2.c/traces/numerical/fp32_fp32.smtrace"",""--other"",""/home/rmj/FPGA_LLM/llama2.c/traces/numerical/w8a8_fp32.smtrace""]",0,0.0135933160782,traces,513,0.000546752537118,attention.probabilities,1,10,513,29241
d444685ef3228ef0f01eee77644159391f164fdf83c26382b42ed6e2b3825ef2,f05906efefe2cee8cd8652a83b7c795128abef00ec21aec6ad7dfa318a7304e9,0d1aea07df0c99085ffc2750f018b9f7be2a0c39ffb3a8282a0bd63552eb6ce3,replay,w8a8_fp32,True,4e9f6c50354337c415bb8c37e3ed23736ee0af40,"[""/home/rmj/FPGA_LLM/llama2.c/build/smollm"",""replay"",""--mode"",""traces"",""--trace"",""/home/rmj/FPGA_LLM/llama2.c/traces/numerical/fp32_fp32.smtrace"",""--other"",""/home/rmj/FPGA_LLM/llama2.c/traces/numerical/w8a8_fp32.smtrace""]",0,0.00407660286874,traces,57,0.000458296835138,attention,1,0,57,32832
d444685ef3228ef0f01eee77644159391f164fdf83c26382b42ed6e2b3825ef2,f05906efefe2cee8cd8652a83b7c795128abef00ec21aec6ad7dfa318a7304e9,0d1aea07df0c99085ffc2750f018b9f7be2a0c39ffb3a8282a0bd63552eb6ce3,replay,w8a8_fp32,True,4e9f6c50354337c415bb8c37e3ed23736ee0af40,"[""/home/rmj/FPGA_LLM/llama2.c/build/smollm"",""replay"",""--mode"",""traces"",""--trace"",""/home/rmj/FPGA_LLM/llama2.c/traces/numerical/fp32_fp32.smtrace"",""--other"",""/home/rmj/FPGA_LLM/llama2.c/traces/numerical/w8a8_fp32.smtrace""]",0,0.0171648263931,traces,57,0.000929135605914,model.layers.0.self_attn.o_proj.weight,1,0,57,32832
d444685ef3228ef0f01eee77644159391f164fdf83c26382b42ed6e2b3825ef2,f05906efefe2cee8cd8652a83b7c795128abef00ec21aec6ad7dfa318a7304e9,0d1aea07df0c99085ffc2750f018b9f7be2a0c39ffb3a8282a0bd63552eb6ce3,replay,w8a8_fp32,True,4e9f6c50354337c415bb8c37e3ed23736ee0af40,"[""/home/rmj/FPGA_LLM/llama2.c/build/smollm"",""replay"",""--mode"",""traces"",""--trace"",""/home/rmj/FPGA_LLM/llama2.c/traces/numerical/fp32_fp32.smtrace"",""--other"",""/home/rmj/FPGA_LLM/llama2.c/traces/numerical/w8a8_fp32.smtrace""]",0,0.0165636539459,traces,57,0.00122318785134,attn_residual,1,1,57,32832
d444685ef3228ef0f01eee77644159391f164fdf83c26382b42ed6e2b3825ef2,f05906efefe2cee8cd8652a83b7c795128abef00ec21aec6ad7dfa318a7304e9,0d1aea07df0c99085ffc2750f018b9f7be2a0c39ffb3a8282a0bd63552eb6ce3,replay,w8a8_fp32,True,4e9f6c50354337c415bb8c37e3ed23736ee0af40,"[""/home/rmj/FPGA_LLM/llama2.c/build/smollm"",""replay"",""--mode"",""traces"",""--trace"",""/home/rmj/FPGA_LLM/llama2.c/traces/numerical/fp32_fp32.smtrace"",""--other"",""/home/rmj/FPGA_LLM/llama2.c/traces/numerical/w8a8_fp32.smtrace""]",0,0.014245390892,traces,57,0.0010006803976,ffn_norm,1,0,57,32832
d444685ef3228ef0f01eee77644159391f164fdf83c26382b42ed6e2b3825ef2,f05906efefe2cee8cd8652a83b7c795128abef00ec21aec6ad7dfa318a7304e9,0d1aea07df0c99085ffc2750f018b9f7be2a0c39ffb3a8282a0bd63552eb6ce3,replay,w8a8_fp32,True,4e9f6c50354337c415bb8c37e3ed23736ee0af40,"[""/home/rmj/FPGA_LLM/llama2.c/build/smollm"",""replay"",""--mode"",""traces"",""--trace"",""/home/rmj/FPGA_LLM/llama2.c/traces/numerical/fp32_fp32.smtrace"",""--other"",""/home/rmj/FPGA_LLM/llama2.c/traces/numerical/w8a8_fp32.smtrace""]",0,0.141914367676,traces,57,0.00708047375905,model.layers.0.mlp.gate_proj.weight,1,2,57,87552
d444685ef3228ef0f01eee77644159391f164fdf83c26382b42ed6e2b3825ef2,f05906efefe2cee8cd8652a83b7c795128abef00ec21aec6ad7dfa318a7304e9,0d1aea07df0c99085ffc2750f018b9f7be2a0c39ffb3a8282a0bd63552eb6ce3,replay,w8a8_fp32,True,4e9f6c50354337c415bb8c37e3ed23736ee0af40,"[""/home/rmj/FPGA_LLM/llama2.c/build/smollm"",""replay"",""--mode"",""traces"",""--trace"",""/home/rmj/FPGA_LLM/llama2.c/traces/numerical/fp32_fp32.smtrace"",""--other"",""/home/rmj/FPGA_LLM/llama2.c/traces/numerical/w8a8_fp32.smtrace""]",0,0.0539603233337,traces,57,0.00681016174405,model.layers.0.mlp.up_proj.weight,1,0,57,87552
d444685ef3228ef0f01eee77644159391f164fdf83c26382b42ed6e2b3825ef2,f05906efefe2cee8cd8652a83b7c795128abef00ec21aec6ad7dfa318a7304e9,0d1aea07df0c99085ffc2750f018b9f7be2a0c39ffb3a8282a0bd63552eb6ce3,replay,w8a8_fp32,True,4e9f6c50354337c415bb8c37e3ed23736ee0af40,"[""/home/rmj/FPGA_LLM/llama2.c/build/smollm"",""replay"",""--mode"",""traces"",""--trace"",""/home/rmj/FPGA_LLM/llama2.c/traces/numerical/fp32_fp32.smtrace"",""--other"",""/home/rmj/FPGA_LLM/llama2.c/traces/numerical/w8a8_fp32.smtrace""]",0,5.29042816162,traces,57,0.039851243903,silu.exp,1,1,57,87552
d444685ef3228ef0f01eee77644159391f164fdf83c26382b42ed6e2b3825ef2,f05906efefe2cee8cd8652a83b7c795128abef00ec21aec6ad7dfa318a7304e9,0d1aea07df0c99085ffc2750f018b9f7be2a0c39ffb3a8282a0bd63552eb6ce3,replay,w8a8_fp32,True,4e9f6c50354337c415bb8c37e3ed23736ee0af40,"[""/home/rmj/FPGA_LLM/llama2.c/build/smollm"",""replay"",""--mode"",""traces"",""--trace"",""/home/rmj/FPGA_LLM/llama2.c/traces/numerical/fp32_fp32.smtrace"",""--other"",""/home/rmj/FPGA_LLM/llama2.c/traces/numerical/w8a8_fp32.smtrace""]",0,0.0166367292404,traces,57,0.00167416298033,silu.reciprocal,1,2,57,87552
d444685ef3228ef0f01eee77644159391f164fdf83c26382b42ed6e2b3825ef2,f05906efefe2cee8cd8652a83b7c795128abef00ec21aec6ad7dfa318a7304e9,0d1aea07df0c99085ffc2750f018b9f7be2a0c39ffb3a8282a0bd63552eb6ce3,replay,w8a8_fp32,True,4e9f6c50354337c415bb8c37e3ed23736ee0af40,"[""/home/rmj/FPGA_LLM/llama2.c/build/smollm"",""replay"",""--mode"",""traces"",""--trace"",""/home/rmj/FPGA_LLM/llama2.c/traces/numerical/fp32_fp32.smtrace"",""--other"",""/home/rmj/FPGA_LLM/llama2.c/traces/numerical/w8a8_fp32.smtrace""]",0,0.073806643486,traces,57,0.00406567379227,gate_silu,1,2,57,87552
d444685ef3228ef0f01eee77644159391f164fdf83c26382b42ed6e2b3825ef2,f05906efefe2cee8cd8652a83b7c795128abef00ec21aec6ad7dfa318a7304e9,0d1aea07df0c99085ffc2750f018b9f7be2a0c39ffb3a8282a0bd63552eb6ce3,replay,w8a8_fp32,True,4e9f6c50354337c415bb8c37e3ed23736ee0af40,"[""/home/rmj/FPGA_LLM/llama2.c/build/smollm"",""replay"",""--mode"",""traces"",""--trace"",""/home/rmj/FPGA_LLM/llama2.c/traces/numerical/fp32_fp32.smtrace"",""--other"",""/home/rmj/FPGA_LLM/llama2.c/traces/numerical/w8a8_fp32.smtrace""]",0,0.343629837036,traces,57,0.0270549328798,model.layers.0.mlp.down_proj.weight,1,1,57,32832
d444685ef3228ef0f01eee77644159391f164fdf83c26382b42ed6e2b3825ef2,f05906efefe2cee8cd8652a83b7c795128abef00ec21aec6ad7dfa318a7304e9,0d1aea07df0c99085ffc2750f018b9f7be2a0c39ffb3a8282a0bd63552eb6ce3,replay,w8a8_fp32,True,4e9f6c50354337c415bb8c37e3ed23736ee0af40,"[""/home/rmj/FPGA_LLM/llama2.c/build/smollm"",""replay"",""--mode"",""traces"",""--trace"",""/home/rmj/FPGA_LLM/llama2.c/traces/numerical/fp32_fp32.smtrace"",""--other"",""/home/rmj/FPGA_LLM/llama2.c/traces/numerical/w8a8_fp32.smtrace""]",0,0.340049743652,traces,57,0.0270760483424,ffn_residual,1,0,57,32832
d444685ef3228ef0f01eee77644159391f164fdf83c26382b42ed6e2b3825ef2,f05906efefe2cee8cd8652a83b7c795128abef00ec21aec6ad7dfa318a7304e9,0d1aea07df0c99085ffc2750f018b9f7be2a0c39ffb3a8282a0bd63552eb6ce3,replay,w8a8_fp32,True,4e9f6c50354337c415bb8c37e3ed23736ee0af40,"[""/home/rmj/FPGA_LLM/llama2.c/build/smollm"",""replay"",""--mode"",""traces"",""--trace"",""/home/rmj/FPGA_LLM/llama2.c/traces/numerical/fp32_fp32.smtrace"",""--other"",""/home/rmj/FPGA_LLM/llama2.c/traces/numerical/w8a8_fp32.smtrace""]",14,0.00299435853958,traces,114,0.00080934705327,rms.rsqrt,1,0,0,114
d444685ef3228ef0f01eee77644159391f164fdf83c26382b42ed6e2b3825ef2,f05906efefe2cee8cd8652a83b7c795128abef00ec21aec6ad7dfa318a7304e9,0d1aea07df0c99085ffc2750f018b9f7be2a0c39ffb3a8282a0bd63552eb6ce3,replay,w8a8_fp32,True,4e9f6c50354337c415bb8c37e3ed23736ee0af40,"[""/home/rmj/FPGA_LLM/llama2.c/build/smollm"",""replay"",""--mode"",""traces"",""--trace"",""/home/rmj/FPGA_LLM/llama2.c/traces/numerical/fp32_fp32.smtrace"",""--other"",""/home/rmj/FPGA_LLM/llama2.c/traces/numerical/w8a8_fp32.smtrace""]",14,0.132851362228,traces,57,0.00878503227112,attn_norm,1,0,57,32832
d444685ef3228ef0f01eee77644159391f164fdf83c26382b42ed6e2b3825ef2,f05906efefe2cee8cd8652a83b7c795128abef00ec21aec6ad7dfa318a7304e9,0d1aea07df0c99085ffc2750f018b9f7be2a0c39ffb3a8282a0bd63552eb6ce3,replay,w8a8_fp32,True,4e9f6c50354337c415bb8c37e3ed23736ee0af40,"[""/home/rmj/FPGA_LLM/llama2.c/build/smollm"",""replay"",""--mode"",""traces"",""--trace"",""/home/rmj/FPGA_LLM/llama2.c/traces/numerical/fp32_fp32.smtrace"",""--other"",""/home/rmj/FPGA_LLM/llama2.c/traces/numerical/w8a8_fp32.smtrace""]",14,0.368433952332,traces,57,0.0498798741328,model.layers.14.self_attn.q_proj.weight,1,0,57,32832
d444685ef3228ef0f01eee77644159391f164fdf83c26382b42ed6e2b3825ef2,f05906efefe2cee8cd8652a83b7c795128abef00ec21aec6ad7dfa318a7304e9,0d1aea07df0c99085ffc2750f018b9f7be2a0c39ffb3a8282a0bd63552eb6ce3,replay,w8a8_fp32,True,4e9f6c50354337c415bb8c37e3ed23736ee0af40,"[""/home/rmj/FPGA_LLM/llama2.c/build/smollm"",""replay"",""--mode"",""traces"",""--trace"",""/home/rmj/FPGA_LLM/llama2.c/traces/numerical/fp32_fp32.smtrace"",""--other"",""/home/rmj/FPGA_LLM/llama2.c/traces/numerical/w8a8_fp32.smtrace""]",14,0.304005622864,traces,57,0.0498623403949,model.layers.14.self_attn.k_proj.weight,1,1,57,10944
d444685ef3228ef0f01eee77644159391f164fdf83c26382b42ed6e2b3825ef2,f05906efefe2cee8cd8652a83b7c795128abef00ec21aec6ad7dfa318a7304e9,0d1aea07df0c99085ffc2750f018b9f7be2a0c39ffb3a8282a0bd63552eb6ce3,replay,w8a8_fp32,True,4e9f6c50354337c415bb8c37e3ed23736ee0af40,"[""/home/rmj/FPGA_LLM/llama2.c/build/smollm"",""replay"",""--mode"",""traces"",""--trace"",""/home/rmj/FPGA_LLM/llama2.c/traces/numerical/fp32_fp32.smtrace"",""--other"",""/home/rmj/FPGA_LLM/llama2.c/traces/numerical/w8a8_fp32.smtrace""]",14,0.251817822456,traces,57,0.0462558539724,model.layers.14.self_attn.v_proj.weight,1,4,57,10944
d444685ef3228ef0f01eee77644159391f164fdf83c26382b42ed6e2b3825ef2,f05906efefe2cee8cd8652a83b7c795128abef00ec21aec6ad7dfa318a7304e9,0d1aea07df0c99085ffc2750f018b9f7be2a0c39ffb3a8282a0bd63552eb6ce3,replay,w8a8_fp32,True,4e9f6c50354337c415bb8c37e3ed23736ee0af40,"[""/home/rmj/FPGA_LLM/llama2.c/build/smollm"",""replay"",""--mode"",""traces"",""--trace"",""/home/rmj/FPGA_LLM/llama2.c/traces/numerical/fp32_fp32.smtrace"",""--other"",""/home/rmj/FPGA_LLM/llama2.c/traces/numerical/w8a8_fp32.smtrace""]",14,0,traces,114,0,rope.sincos,1,0,114,7296
d444685ef3228ef0f01eee77644159391f164fdf83c26382b42ed6e2b3825ef2,f05906efefe2cee8cd8652a83b7c795128abef00ec21aec6ad7dfa318a7304e9,0d1aea07df0c99085ffc2750f018b9f7be2a0c39ffb3a8282a0bd63552eb6ce3,replay,w8a8_fp32,True,4e9f6c50354337c415bb8c37e3ed23736ee0af40,"[""/home/rmj/FPGA_LLM/llama2.c/build/smollm"",""replay"",""--mode"",""traces"",""--trace"",""/home/rmj/FPGA_LLM/llama2.c/traces/numerical/fp32_fp32.smtrace"",""--other"",""/home/rmj/FPGA_LLM/llama2.c/traces/numerical/w8a8_fp32.smtrace""]",14,0.372173011303,traces,57,0.0498798737047,q_rope,1,0,57,32832
d444685ef3228ef0f01eee77644159391f164fdf83c26382b42ed6e2b3825ef2,f05906efefe2cee8cd8652a83b7c795128abef00ec21aec6ad7dfa318a7304e9,0d1aea07df0c99085ffc2750f018b9f7be2a0c39ffb3a8282a0bd63552eb6ce3,replay,w8a8_fp32,True,4e9f6c50354337c415bb8c37e3ed23736ee0af40,"[""/home/rmj/FPGA_LLM/llama2.c/build/smollm"",""replay"",""--mode"",""traces"",""--trace"",""/home/rmj/FPGA_LLM/llama2.c/traces/numerical/fp32_fp32.smtrace"",""--other"",""/home/rmj/FPGA_LLM/llama2.c/traces/numerical/w8a8_fp32.smtrace""]",14,0.304005146027,traces,57,0.0498623398877,k_rope,1,1,57,10944
d444685ef3228ef0f01eee77644159391f164fdf83c26382b42ed6e2b3825ef2,f05906efefe2cee8cd8652a83b7c795128abef00ec21aec6ad7dfa318a7304e9,0d1aea07df0c99085ffc2750f018b9f7be2a0c39ffb3a8282a0bd63552eb6ce3,replay,w8a8_fp32,True,4e9f6c50354337c415bb8c37e3ed23736ee0af40,"[""/home/rmj/FPGA_LLM/llama2.c/build/smollm"",""replay"",""--mode"",""traces"",""--trace"",""/home/rmj/FPGA_LLM/llama2.c/traces/numerical/fp32_fp32.smtrace"",""--other"",""/home/rmj/FPGA_LLM/llama2.c/traces/numerical/w8a8_fp32.smtrace""]",14,0.251817822456,traces,57,0.0462558539724,v,1,4,57,10944
d444685ef3228ef0f01eee77644159391f164fdf83c26382b42ed6e2b3825ef2,f05906efefe2cee8cd8652a83b7c795128abef00ec21aec6ad7dfa318a7304e9,0d1aea07df0c99085ffc2750f018b9f7be2a0c39ffb3a8282a0bd63552eb6ce3,replay,w8a8_fp32,True,4e9f6c50354337c415bb8c37e3ed23736ee0af40,"[""/home/rmj/FPGA_LLM/llama2.c/build/smollm"",""replay"",""--mode"",""traces"",""--trace"",""/home/rmj/FPGA_LLM/llama2.c/traces/numerical/fp32_fp32.smtrace"",""--other"",""/home/rmj/FPGA_LLM/llama2.c/traces/numerical/w8a8_fp32.smtrace""]",14,0.184655606747,traces,513,0.00880558120215,softmax.exp,1,6,504,14877
d444685ef3228ef0f01eee77644159391f164fdf83c26382b42ed6e2b3825ef2,f05906efefe2cee8cd8652a83b7c795128abef00ec21aec6ad7dfa318a7304e9,0d1aea07df0c99085ffc2750f018b9f7be2a0c39ffb3a8282a0bd63552eb6ce3,replay,w8a8_fp32,True,4e9f6c50354337c415bb8c37e3ed23736ee0af40,"[""/home/rmj/FPGA_LLM/llama2.c/build/smollm"",""replay"",""--mode"",""traces"",""--trace"",""/home/rmj/FPGA_LLM/llama2.c/traces/numerical/fp32_fp32.smtrace"",""--other"",""/home/rmj/FPGA_LLM/llama2.c/traces/numerical/w8a8_fp32.smtrace""]",14,0.0571982860565,traces,513,0.01233176179,softmax.reciprocal,1,0,0,513
d444685ef3228ef0f01eee77644159391f164fdf83c26382b42ed6e2b3825ef2,f05906efefe2cee8cd8652a83b7c795128abef00ec21aec6ad7dfa318a7304e9,0d1aea07df0c99085ffc2750f018b9f7be2a0c39ffb3a8282a0bd63552eb6ce3,replay,w8a8_fp32,True,4e9f6c50354337c415bb8c37e3ed23736ee0af40,"[""/home/rmj/FPGA_LLM/llama2.c/build/smollm"",""replay"",""--mode"",""traces"",""--trace"",""/home/rmj/FPGA_LLM/llama2.c/traces/numerical/fp32_fp32.smtrace"",""--other"",""/home/rmj/FPGA_LLM/llama2.c/traces/numerical/w8a8_fp32.smtrace""]",14,0.0571982860565,traces,513,0.00209912506358,attention.probabilities,1,6,513,29241
d444685ef3228ef0f01eee77644159391f164fdf83c26382b42ed6e2b3825ef2,f05906efefe2cee8cd8652a83b7c795128abef00ec21aec6ad7dfa318a7304e9,0d1aea07df0c99085ffc2750f018b9f7be2a0c39ffb3a8282a0bd63552eb6ce3,replay,w8a8_fp32,True,4e9f6c50354337c415bb8c37e3ed23736ee0af40,"[""/home/rmj/FPGA_LLM/llama2.c/build/smollm"",""replay"",""--mode"",""traces"",""--trace"",""/home/rmj/FPGA_LLM/llama2.c/traces/numerical/fp32_fp32.smtrace"",""--other"",""/home/rmj/FPGA_LLM/llama2.c/traces/numerical/w8a8_fp32.smtrace""]",14,0.199654489756,traces,57,0.0153911337167,attention,1,8,57,32832
d444685ef3228ef0f01eee77644159391f164fdf83c26382b42ed6e2b3825ef2,f05906efefe2cee8cd8652a83b7c795128abef00ec21aec6ad7dfa318a7304e9,0d1aea07df0c99085ffc2750f018b9f7be2a0c39ffb3a8282a0bd63552eb6ce3,replay,w8a8_fp32,True,4e9f6c50354337c415bb8c37e3ed23736ee0af40,"[""/home/rmj/FPGA_LLM/llama2.c/build/smollm"",""replay"",""--mode"",""traces"",""--trace"",""/home/rmj/FPGA_LLM/llama2.c/traces/numerical/fp32_fp32.smtrace"",""--other"",""/home/rmj/FPGA_LLM/llama2.c/traces/numerical/w8a8_fp32.smtrace""]",14,0.993831515312,traces,57,0.0554590952317,model.layers.14.self_attn.o_proj.weight,1,6,57,32832
d444685ef3228ef0f01eee77644159391f164fdf83c26382b42ed6e2b3825ef2,f05906efefe2cee8cd8652a83b7c795128abef00ec21aec6ad7dfa318a7304e9,0d1aea07df0c99085ffc2750f018b9f7be2a0c39ffb3a8282a0bd63552eb6ce3,replay,w8a8_fp32,True,4e9f6c50354337c415bb8c37e3ed23736ee0af40,"[""/home/rmj/FPGA_LLM/llama2.c/build/smollm"",""replay"",""--mode"",""traces"",""--trace"",""/home/rmj/FPGA_LLM/llama2.c/traces/numerical/fp32_fp32.smtrace"",""--other"",""/home/rmj/FPGA_LLM/llama2.c/traces/numerical/w8a8_fp32.smtrace""]",14,127.208984375,traces,57,0.846705207832,attn_residual,1,0,57,32832
d444685ef3228ef0f01eee77644159391f164fdf83c26382b42ed6e2b3825ef2,f05906efefe2cee8cd8652a83b7c795128abef00ec21aec6ad7dfa318a7304e9,0d1aea07df0c99085ffc2750f018b9f7be2a0c39ffb3a8282a0bd63552eb6ce3,replay,w8a8_fp32,True,4e9f6c50354337c415bb8c37e3ed23736ee0af40,"[""/home/rmj/FPGA_LLM/llama2.c/build/smollm"",""replay"",""--mode"",""traces"",""--trace"",""/home/rmj/FPGA_LLM/llama2.c/traces/numerical/fp32_fp32.smtrace"",""--other"",""/home/rmj/FPGA_LLM/llama2.c/traces/numerical/w8a8_fp32.smtrace""]",14,0.0531287565827,traces,57,0.00604886617286,ffn_norm,1,8,57,32832
d444685ef3228ef0f01eee77644159391f164fdf83c26382b42ed6e2b3825ef2,f05906efefe2cee8cd8652a83b7c795128abef00ec21aec6ad7dfa318a7304e9,0d1aea07df0c99085ffc2750f018b9f7be2a0c39ffb3a8282a0bd63552eb6ce3,replay,w8a8_fp32,True,4e9f6c50354337c415bb8c37e3ed23736ee0af40,"[""/home/rmj/FPGA_LLM/llama2.c/build/smollm"",""replay"",""--mode"",""traces"",""--trace"",""/home/rmj/FPGA_LLM/llama2.c/traces/numerical/fp32_fp32.smtrace"",""--other"",""/home/rmj/FPGA_LLM/llama2.c/traces/numerical/w8a8_fp32.smtrace""]",14,0.283314228058,traces,57,0.0288106429428,model.layers.14.mlp.gate_proj.weight,1,4,57,87552
d444685ef3228ef0f01eee77644159391f164fdf83c26382b42ed6e2b3825ef2,f05906efefe2cee8cd8652a83b7c795128abef00ec21aec6ad7dfa318a7304e9,0d1aea07df0c99085ffc2750f018b9f7be2a0c39ffb3a8282a0bd63552eb6ce3,replay,w8a8_fp32,True,4e9f6c50354337c415bb8c37e3ed23736ee0af40,"[""/home/rmj/FPGA_LLM/llama2.c/build/smollm"",""replay"",""--mode"",""traces"",""--trace"",""/home/rmj/FPGA_LLM/llama2.c/traces/numerical/fp32_fp32.smtrace"",""--other"",""/home/rmj/FPGA_LLM/llama2.c/traces/numerical/w8a8_fp32.smtrace""]",14,0.246848471463,traces,57,0.0300086009433,model.layers.14.mlp.up_proj.weight,1,4,57,87552
d444685ef3228ef0f01eee77644159391f164fdf83c26382b42ed6e2b3825ef2,f05906efefe2cee8cd8652a83b7c795128abef00ec21aec6ad7dfa318a7304e9,0d1aea07df0c99085ffc2750f018b9f7be2a0c39ffb3a8282a0bd63552eb6ce3,replay,w8a8_fp32,True,4e9f6c50354337c415bb8c37e3ed23736ee0af40,"[""/home/rmj/FPGA_LLM/llama2.c/build/smollm"",""replay"",""--mode"",""traces"",""--trace"",""/home/rmj/FPGA_LLM/llama2.c/traces/numerical/fp32_fp32.smtrace"",""--other"",""/home/rmj/FPGA_LLM/llama2.c/traces/numerical/w8a8_fp32.smtrace""]",14,49.1327819824,traces,57,0.286322133877,silu.exp,1,1,57,87552
d444685ef3228ef0f01eee77644159391f164fdf83c26382b42ed6e2b3825ef2,f05906efefe2cee8cd8652a83b7c795128abef00ec21aec6ad7dfa318a7304e9,0d1aea07df0c99085ffc2750f018b9f7be2a0c39ffb3a8282a0bd63552eb6ce3,replay,w8a8_fp32,True,4e9f6c50354337c415bb8c37e3ed23736ee0af40,"[""/home/rmj/FPGA_LLM/llama2.c/build/smollm"",""replay"",""--mode"",""traces"",""--trace"",""/home/rmj/FPGA_LLM/llama2.c/traces/numerical/fp32_fp32.smtrace"",""--other"",""/home/rmj/FPGA_LLM/llama2.c/traces/numerical/w8a8_fp32.smtrace""]",14,0.0620556473732,traces,57,0.00625377901519,silu.reciprocal,1,4,57,87552
d444685ef3228ef0f01eee77644159391f164fdf83c26382b42ed6e2b3825ef2,f05906efefe2cee8cd8652a83b7c795128abef00ec21aec6ad7dfa318a7304e9,0d1aea07df0c99085ffc2750f018b9f7be2a0c39ffb3a8282a0bd63552eb6ce3,replay,w8a8_fp32,True,4e9f6c50354337c415bb8c37e3ed23736ee0af40,"[""/home/rmj/FPGA_LLM/llama2.c/build/smollm"",""replay"",""--mode"",""traces"",""--trace"",""/home/rmj/FPGA_LLM/llama2.c/traces/numerical/fp32_fp32.smtrace"",""--other"",""/home/rmj/FPGA_LLM/llama2.c/traces/numerical/w8a8_fp32.smtrace""]",14,0.302469491959,traces,57,0.0137677840957,gate_silu,1,4,57,87552
d444685ef3228ef0f01eee77644159391f164fdf83c26382b42ed6e2b3825ef2,f05906efefe2cee8cd8652a83b7c795128abef00ec21aec6ad7dfa318a7304e9,0d1aea07df0c99085ffc2750f018b9f7be2a0c39ffb3a8282a0bd63552eb6ce3,replay,w8a8_fp32,True,4e9f6c50354337c415bb8c37e3ed23736ee0af40,"[""/home/rmj/FPGA_LLM/llama2.c/build/smollm"",""replay"",""--mode"",""traces"",""--trace"",""/home/rmj/FPGA_LLM/llama2.c/traces/numerical/fp32_fp32.smtrace"",""--other"",""/home/rmj/FPGA_LLM/llama2.c/traces/numerical/w8a8_fp32.smtrace""]",14,1.21692657471,traces,57,0.0870214028944,model.layers.14.mlp.down_proj.weight,1,2,57,32832
d444685ef3228ef0f01eee77644159391f164fdf83c26382b42ed6e2b3825ef2,f05906efefe2cee8cd8652a83b7c795128abef00ec21aec6ad7dfa318a7304e9,0d1aea07df0c99085ffc2750f018b9f7be2a0c39ffb3a8282a0bd63552eb6ce3,replay,w8a8_fp32,True,4e9f6c50354337c415bb8c37e3ed23736ee0af40,"[""/home/rmj/FPGA_LLM/llama2.c/build/smollm"",""replay"",""--mode"",""traces"",""--trace"",""/home/rmj/FPGA_LLM/llama2.c/traces/numerical/fp32_fp32.smtrace"",""--other"",""/home/rmj/FPGA_LLM/llama2.c/traces/numerical/w8a8_fp32.smtrace""]",14,127.169921875,traces,57,0.846606882673,ffn_residual,1,0,57,32832
d444685ef3228ef0f01eee77644159391f164fdf83c26382b42ed6e2b3825ef2,f05906efefe2cee8cd8652a83b7c795128abef00ec21aec6ad7dfa318a7304e9,0d1aea07df0c99085ffc2750f018b9f7be2a0c39ffb3a8282a0bd63552eb6ce3,replay,w8a8_fp32,True,4e9f6c50354337c415bb8c37e3ed23736ee0af40,"[""/home/rmj/FPGA_LLM/llama2.c/build/smollm"",""replay"",""--mode"",""traces"",""--trace"",""/home/rmj/FPGA_LLM/llama2.c/traces/numerical/fp32_fp32.smtrace"",""--other"",""/home/rmj/FPGA_LLM/llama2.c/traces/numerical/w8a8_fp32.smtrace""]",29,0.000211600214243,traces,114,7.98536688975e-05,rms.rsqrt,1,0,0,114
d444685ef3228ef0f01eee77644159391f164fdf83c26382b42ed6e2b3825ef2,f05906efefe2cee8cd8652a83b7c795128abef00ec21aec6ad7dfa318a7304e9,0d1aea07df0c99085ffc2750f018b9f7be2a0c39ffb3a8282a0bd63552eb6ce3,replay,w8a8_fp32,True,4e9f6c50354337c415bb8c37e3ed23736ee0af40,"[""/home/rmj/FPGA_LLM/llama2.c/build/smollm"",""replay"",""--mode"",""traces"",""--trace"",""/home/rmj/FPGA_LLM/llama2.c/traces/numerical/fp32_fp32.smtrace"",""--other"",""/home/rmj/FPGA_LLM/llama2.c/traces/numerical/w8a8_fp32.smtrace""]",29,0.0904480218887,traces,57,0.0110191958271,attn_norm,1,0,57,32832
d444685ef3228ef0f01eee77644159391f164fdf83c26382b42ed6e2b3825ef2,f05906efefe2cee8cd8652a83b7c795128abef00ec21aec6ad7dfa318a7304e9,0d1aea07df0c99085ffc2750f018b9f7be2a0c39ffb3a8282a0bd63552eb6ce3,replay,w8a8_fp32,True,4e9f6c50354337c415bb8c37e3ed23736ee0af40,"[""/home/rmj/FPGA_LLM/llama2.c/build/smollm"",""replay"",""--mode"",""traces"",""--trace"",""/home/rmj/FPGA_LLM/llama2.c/traces/numerical/fp32_fp32.smtrace"",""--other"",""/home/rmj/FPGA_LLM/llama2.c/traces/numerical/w8a8_fp32.smtrace""]",29,0.290385484695,traces,57,0.0430020488811,model.layers.29.self_attn.q_proj.weight,1,2,57,32832
d444685ef3228ef0f01eee77644159391f164fdf83c26382b42ed6e2b3825ef2,f05906efefe2cee8cd8652a83b7c795128abef00ec21aec6ad7dfa318a7304e9,0d1aea07df0c99085ffc2750f018b9f7be2a0c39ffb3a8282a0bd63552eb6ce3,replay,w8a8_fp32,True,4e9f6c50354337c415bb8c37e3ed23736ee0af40,"[""/home/rmj/FPGA_LLM/llama2.c/build/smollm"",""replay"",""--mode"",""traces"",""--trace"",""/home/rmj/FPGA_LLM/llama2.c/traces/numerical/fp32_fp32.smtrace"",""--other"",""/home/rmj/FPGA_LLM/llama2.c/traces/numerical/w8a8_fp32.smtrace""]",29,0.225189208984,traces,57,0.0361936485296,model.layers.29.self_attn.k_proj.weight,1,0,57,10944
d444685ef3228ef0f01eee77644159391f164fdf83c26382b42ed6e2b3825ef2,f05906efefe2cee8cd8652a83b7c795128abef00ec21aec6ad7dfa318a7304e9,0d1aea07df0c99085ffc2750f018b9f7be2a0c39ffb3a8282a0bd63552eb6ce3,replay,w8a8_fp32,True,4e9f6c50354337c415bb8c37e3ed23736ee0af40,"[""/home/rmj/FPGA_LLM/llama2.c/build/smollm"",""replay"",""--mode"",""traces"",""--trace"",""/home/rmj/FPGA_LLM/llama2.c/traces/numerical/fp32_fp32.smtrace"",""--other"",""/home/rmj/FPGA_LLM/llama2.c/traces/numerical/w8a8_fp32.smtrace""]",29,0.369990706444,traces,57,0.0776259997121,model.layers.29.self_attn.v_proj.weight,1,9,57,10944
d444685ef3228ef0f01eee77644159391f164fdf83c26382b42ed6e2b3825ef2,f05906efefe2cee8cd8652a83b7c795128abef00ec21aec6ad7dfa318a7304e9,0d1aea07df0c99085ffc2750f018b9f7be2a0c39ffb3a8282a0bd63552eb6ce3,replay,w8a8_fp32,True,4e9f6c50354337c415bb8c37e3ed23736ee0af40,"[""/home/rmj/FPGA_LLM/llama2.c/build/smollm"",""replay"",""--mode"",""traces"",""--trace"",""/home/rmj/FPGA_LLM/llama2.c/traces/numerical/fp32_fp32.smtrace"",""--other"",""/home/rmj/FPGA_LLM/llama2.c/traces/numerical/w8a8_fp32.smtrace""]",29,0,traces,114,0,rope.sincos,1,0,114,7296
d444685ef3228ef0f01eee77644159391f164fdf83c26382b42ed6e2b3825ef2,f05906efefe2cee8cd8652a83b7c795128abef00ec21aec6ad7dfa318a7304e9,0d1aea07df0c99085ffc2750f018b9f7be2a0c39ffb3a8282a0bd63552eb6ce3,replay,w8a8_fp32,True,4e9f6c50354337c415bb8c37e3ed23736ee0af40,"[""/home/rmj/FPGA_LLM/llama2.c/build/smollm"",""replay"",""--mode"",""traces"",""--trace"",""/home/rmj/FPGA_LLM/llama2.c/traces/numerical/fp32_fp32.smtrace"",""--other"",""/home/rmj/FPGA_LLM/llama2.c/traces/numerical/w8a8_fp32.smtrace""]",29,0.290373563766,traces,57,0.0430020480982,q_rope,1,2,57,32832
d444685ef3228ef0f01eee77644159391f164fdf83c26382b42ed6e2b3825ef2,f05906efefe2cee8cd8652a83b7c795128abef00ec21aec6ad7dfa318a7304e9,0d1aea07df0c99085ffc2750f018b9f7be2a0c39ffb3a8282a0bd63552eb6ce3,replay,w8a8_fp32,True,4e9f6c50354337c415bb8c37e3ed23736ee0af40,"[""/home/rmj/FPGA_LLM/llama2.c/build/smollm"",""replay"",""--mode"",""traces"",""--trace"",""/home/rmj/FPGA_LLM/llama2.c/traces/numerical/fp32_fp32.smtrace"",""--other"",""/home/rmj/FPGA_LLM/llama2.c/traces/numerical/w8a8_fp32.smtrace""]",29,0.225925683975,traces,57,0.0361936502076,k_rope,1,0,57,10944
d444685ef3228ef0f01eee77644159391f164fdf83c26382b42ed6e2b3825ef2,f05906efefe2cee8cd8652a83b7c795128abef00ec21aec6ad7dfa318a7304e9,0d1aea07df0c99085ffc2750f018b9f7be2a0c39ffb3a8282a0bd63552eb6ce3,replay,w8a8_fp32,True,4e9f6c50354337c415bb8c37e3ed23736ee0af40,"[""/home/rmj/FPGA_LLM/llama2.c/build/smollm"",""replay"",""--mode"",""traces"",""--trace"",""/home/rmj/FPGA_LLM/llama2.c/traces/numerical/fp32_fp32.smtrace"",""--other"",""/home/rmj/FPGA_LLM/llama2.c/traces/numerical/w8a8_fp32.smtrace""]",29,0.369990706444,traces,57,0.0776259997121,v,1,9,57,10944
d444685ef3228ef0f01eee77644159391f164fdf83c26382b42ed6e2b3825ef2,f05906efefe2cee8cd8652a83b7c795128abef00ec21aec6ad7dfa318a7304e9,0d1aea07df0c99085ffc2750f018b9f7be2a0c39ffb3a8282a0bd63552eb6ce3,replay,w8a8_fp32,True,4e9f6c50354337c415bb8c37e3ed23736ee0af40,"[""/home/rmj/FPGA_LLM/llama2.c/build/smollm"",""replay"",""--mode"",""traces"",""--trace"",""/home/rmj/FPGA_LLM/llama2.c/traces/numerical/fp32_fp32.smtrace"",""--other"",""/home/rmj/FPGA_LLM/llama2.c/traces/numerical/w8a8_fp32.smtrace""]",29,0.17988973856,traces,513,0.00773191411534,softmax.exp,1,10,504,14877
d444685ef3228ef0f01eee77644159391f164fdf83c26382b42ed6e2b3825ef2,f05906efefe2cee8cd8652a83b7c795128abef00ec21aec6ad7dfa318a7304e9,0d1aea07df0c99085ffc2750f018b9f7be2a0c39ffb3a8282a0bd63552eb6ce3,replay,w8a8_fp32,True,4e9f6c50354337c415bb8c37e3ed23736ee0af40,"[""/home/rmj/FPGA_LLM/llama2.c/build/smollm"",""replay"",""--mode"",""traces"",""--trace"",""/home/rmj/FPGA_LLM/llama2.c/traces/numerical/fp32_fp32.smtrace"",""--other"",""/home/rmj/FPGA_LLM/llama2.c/traces/numerical/w8a8_fp32.smtrace""]",29,0.0528777837753,traces,513,0.0168281423969,softmax.reciprocal,1,0,0,513
d444685ef3228ef0f01eee77644159391f164fdf83c26382b42ed6e2b3825ef2,f05906efefe2cee8cd8652a83b7c795128abef00ec21aec6ad7dfa318a7304e9,0d1aea07df0c99085ffc2750f018b9f7be2a0c39ffb3a8282a0bd63552eb6ce3,replay,w8a8_fp32,True,4e9f6c50354337c415bb8c37e3ed23736ee0af40,"[""/home/rmj/FPGA_LLM/llama2.c/build/smollm"",""replay"",""--mode"",""traces"",""--trace"",""/home/rmj/FPGA_LLM/llama2.c/traces/numerical/fp32_fp32.smtrace"",""--other"",""/home/rmj/FPGA_LLM/llama2.c/traces/numerical/w8a8_fp32.smtrace""]",29,0.0528777837753,traces,513,0.00264278569066,attention.probabilities,1,10,513,29241
d444685ef3228ef0f01eee77644159391f164fdf83c26382b42ed6e2b3825ef2,f05906efefe2cee8cd8652a83b7c795128abef00ec21aec6ad7dfa318a7304e9,0d1aea07df0c99085ffc2750f018b9f7be2a0c39ffb3a8282a0bd63552eb6ce3,replay,w8a8_fp32,True,4e9f6c50354337c415bb8c37e3ed23736ee0af40,"[""/home/rmj/FPGA_LLM/llama2.c/build/smollm"",""replay"",""--mode"",""traces"",""--trace"",""/home/rmj/FPGA_LLM/llama2.c/traces/numerical/fp32_fp32.smtrace"",""--other"",""/home/rmj/FPGA_LLM/llama2.c/traces/numerical/w8a8_fp32.smtrace""]",29,0.284688964486,traces,57,0.0735712967638,attention,1,3,57,32832
d444685ef3228ef0f01eee77644159391f164fdf83c26382b42ed6e2b3825ef2,f05906efefe2cee8cd8652a83b7c795128abef00ec21aec6ad7dfa318a7304e9,0d1aea07df0c99085ffc2750f018b9f7be2a0c39ffb3a8282a0bd63552eb6ce3,replay,w8a8_fp32,True,4e9f6c50354337c415bb8c37e3ed23736ee0af40,"[""/home/rmj/FPGA_LLM/llama2.c/build/smollm"",""replay"",""--mode"",""traces"",""--trace"",""/home/rmj/FPGA_LLM/llama2.c/traces/numerical/fp32_fp32.smtrace"",""--other"",""/home/rmj/FPGA_LLM/llama2.c/traces/numerical/w8a8_fp32.smtrace""]",29,2.841381073,traces,57,0.336831056949,model.layers.29.self_attn.o_proj.weight,1,0,57,32832
d444685ef3228ef0f01eee77644159391f164fdf83c26382b42ed6e2b3825ef2,f05906efefe2cee8cd8652a83b7c795128abef00ec21aec6ad7dfa318a7304e9,0d1aea07df0c99085ffc2750f018b9f7be2a0c39ffb3a8282a0bd63552eb6ce3,replay,w8a8_fp32,True,4e9f6c50354337c415bb8c37e3ed23736ee0af40,"[""/home/rmj/FPGA_LLM/llama2.c/build/smollm"",""replay"",""--mode"",""traces"",""--trace"",""/home/rmj/FPGA_LLM/llama2.c/traces/numerical/fp32_fp32.smtrace"",""--other"",""/home/rmj/FPGA_LLM/llama2.c/traces/numerical/w8a8_fp32.smtrace""]",29,48.2724609375,traces,57,1.15347599221,attn_residual,1,0,57,32832
d444685ef3228ef0f01eee77644159391f164fdf83c26382b42ed6e2b3825ef2,f05906efefe2cee8cd8652a83b7c795128abef00ec21aec6ad7dfa318a7304e9,0d1aea07df0c99085ffc2750f018b9f7be2a0c39ffb3a8282a0bd63552eb6ce3,replay,w8a8_fp32,True,4e9f6c50354337c415bb8c37e3ed23736ee0af40,"[""/home/rmj/FPGA_LLM/llama2.c/build/smollm"",""replay"",""--mode"",""traces"",""--trace"",""/home/rmj/FPGA_LLM/llama2.c/traces/numerical/fp32_fp32.smtrace"",""--other"",""/home/rmj/FPGA_LLM/llama2.c/traces/numerical/w8a8_fp32.smtrace""]",29,0.136297225952,traces,57,0.0100509883877,ffn_norm,1,0,57,32832
d444685ef3228ef0f01eee77644159391f164fdf83c26382b42ed6e2b3825ef2,f05906efefe2cee8cd8652a83b7c795128abef00ec21aec6ad7dfa318a7304e9,0d1aea07df0c99085ffc2750f018b9f7be2a0c39ffb3a8282a0bd63552eb6ce3,replay,w8a8_fp32,True,4e9f6c50354337c415bb8c37e3ed23736ee0af40,"[""/home/rmj/FPGA_LLM/llama2.c/build/smollm"",""replay"",""--mode"",""traces"",""--trace"",""/home/rmj/FPGA_LLM/llama2.c/traces/numerical/fp32_fp32.smtrace"",""--other"",""/home/rmj/FPGA_LLM/llama2.c/traces/numerical/w8a8_fp32.smtrace""]",29,0.4553617239,traces,57,0.0475091402259,model.layers.29.mlp.gate_proj.weight,1,2,57,87552
d444685ef3228ef0f01eee77644159391f164fdf83c26382b42ed6e2b3825ef2,f05906efefe2cee8cd8652a83b7c795128abef00ec21aec6ad7dfa318a7304e9,0d1aea07df0c99085ffc2750f018b9f7be2a0c39ffb3a8282a0bd63552eb6ce3,replay,w8a8_fp32,True,4e9f6c50354337c415bb8c37e3ed23736ee0af40,"[""/home/rmj/FPGA_LLM/llama2.c/build/smollm"",""replay"",""--mode"",""traces"",""--trace"",""/home/rmj/FPGA_LLM/llama2.c/traces/numerical/fp32_fp32.smtrace"",""--other"",""/home/rmj/FPGA_LLM/llama2.c/traces/numerical/w8a8_fp32.smtrace""]",29,0.545322418213,traces,57,0.0589073898686,model.layers.29.mlp.up_proj.weight,1,0,57,87552
d444685ef3228ef0f01eee77644159391f164fdf83c26382b42ed6e2b3825ef2,f05906efefe2cee8cd8652a83b7c795128abef00ec21aec6ad7dfa318a7304e9,0d1aea07df0c99085ffc2750f018b9f7be2a0c39ffb3a8282a0bd63552eb6ce3,replay,w8a8_fp32,True,4e9f6c50354337c415bb8c37e3ed23736ee0af40,"[""/home/rmj/FPGA_LLM/llama2.c/build/smollm"",""replay"",""--mode"",""traces"",""--trace"",""/home/rmj/FPGA_LLM/llama2.c/traces/numerical/fp32_fp32.smtrace"",""--other"",""/home/rmj/FPGA_LLM/llama2.c/traces/numerical/w8a8_fp32.smtrace""]",29,1943.5859375,traces,57,10.7940451648,silu.exp,1,1,57,87552
d444685ef3228ef0f01eee77644159391f164fdf83c26382b42ed6e2b3825ef2,f05906efefe2cee8cd8652a83b7c795128abef00ec21aec6ad7dfa318a7304e9,0d1aea07df0c99085ffc2750f018b9f7be2a0c39ffb3a8282a0bd63552eb6ce3,replay,w8a8_fp32,True,4e9f6c50354337c415bb8c37e3ed23736ee0af40,"[""/home/rmj/FPGA_LLM/llama2.c/build/smollm"",""replay"",""--mode"",""traces"",""--trace"",""/home/rmj/FPGA_LLM/llama2.c/traces/numerical/fp32_fp32.smtrace"",""--other"",""/home/rmj/FPGA_LLM/llama2.c/traces/numerical/w8a8_fp32.smtrace""]",29,0.0950016975403,traces,57,0.00931707986703,silu.reciprocal,1,4,57,87552
d444685ef3228ef0f01eee77644159391f164fdf83c26382b42ed6e2b3825ef2,f05906efefe2cee8cd8652a83b7c795128abef00ec21aec6ad7dfa318a7304e9,0d1aea07df0c99085ffc2750f018b9f7be2a0c39ffb3a8282a0bd63552eb6ce3,replay,w8a8_fp32,True,4e9f6c50354337c415bb8c37e3ed23736ee0af40,"[""/home/rmj/FPGA_LLM/llama2.c/build/smollm"",""replay"",""--mode"",""traces"",""--trace"",""/home/rmj/FPGA_LLM/llama2.c/traces/numerical/fp32_fp32.smtrace"",""--other"",""/home/rmj/FPGA_LLM/llama2.c/traces/numerical/w8a8_fp32.smtrace""]",29,0.44899058342,traces,57,0.0299403833145,gate_silu,1,2,57,87552
d444685ef3228ef0f01eee77644159391f164fdf83c26382b42ed6e2b3825ef2,f05906efefe2cee8cd8652a83b7c795128abef00ec21aec6ad7dfa318a7304e9,0d1aea07df0c99085ffc2750f018b9f7be2a0c39ffb3a8282a0bd63552eb6ce3,replay,w8a8_fp32,True,4e9f6c50354337c415bb8c37e3ed23736ee0af40,"[""/home/rmj/FPGA_LLM/llama2.c/build/smollm"",""replay"",""--mode"",""traces"",""--trace"",""/home/rmj/FPGA_LLM/llama2.c/traces/numerical/fp32_fp32.smtrace"",""--other"",""/home/rmj/FPGA_LLM/llama2.c/traces/numerical/w8a8_fp32.smtrace""]",29,138.443115234,traces,57,1.49113138414,model.layers.29.mlp.down_proj.weight,1,2,57,32832
d444685ef3228ef0f01eee77644159391f164fdf83c26382b42ed6e2b3825ef2,f05906efefe2cee8cd8652a83b7c795128abef00ec21aec6ad7dfa318a7304e9,0d1aea07df0c99085ffc2750f018b9f7be2a0c39ffb3a8282a0bd63552eb6ce3,replay,w8a8_fp32,True,4e9f6c50354337c415bb8c37e3ed23736ee0af40,"[""/home/rmj/FPGA_LLM/llama2.c/build/smollm"",""replay"",""--mode"",""traces"",""--trace"",""/home/rmj/FPGA_LLM/llama2.c/traces/numerical/fp32_fp32.smtrace"",""--other"",""/home/rmj/FPGA_LLM/llama2.c/traces/numerical/w8a8_fp32.smtrace""]",29,90.1706542969,traces,57,1.72462156472,ffn_residual,1,0,57,32832
d444685ef3228ef0f01eee77644159391f164fdf83c26382b42ed6e2b3825ef2,f05906efefe2cee8cd8652a83b7c795128abef00ec21aec6ad7dfa318a7304e9,0d1aea07df0c99085ffc2750f018b9f7be2a0c39ffb3a8282a0bd63552eb6ce3,replay,w8a8_fp32,True,4e9f6c50354337c415bb8c37e3ed23736ee0af40,"[""/home/rmj/FPGA_LLM/llama2.c/build/smollm"",""replay"",""--mode"",""traces"",""--trace"",""/home/rmj/FPGA_LLM/llama2.c/traces/numerical/fp32_fp32.smtrace"",""--other"",""/home/rmj/FPGA_LLM/llama2.c/traces/numerical/w8a8_fp32.smtrace""]",-1,0.0124513916671,traces,57,0.00165478818178,rms.rsqrt,1,0,0,57
d444685ef3228ef0f01eee77644159391f164fdf83c26382b42ed6e2b3825ef2,f05906efefe2cee8cd8652a83b7c795128abef00ec21aec6ad7dfa318a7304e9,0d1aea07df0c99085ffc2750f018b9f7be2a0c39ffb3a8282a0bd63552eb6ce3,replay,w8a8_fp32,True,4e9f6c50354337c415bb8c37e3ed23736ee0af40,"[""/home/rmj/FPGA_LLM/llama2.c/build/smollm"",""replay"",""--mode"",""traces"",""--trace"",""/home/rmj/FPGA_LLM/llama2.c/traces/numerical/fp32_fp32.smtrace"",""--other"",""/home/rmj/FPGA_LLM/llama2.c/traces/numerical/w8a8_fp32.smtrace""]",-1,4.28602409363,traces,57,0.11505936464,final_norm,1,4,57,32832
d444685ef3228ef0f01eee77644159391f164fdf83c26382b42ed6e2b3825ef2,f05906efefe2cee8cd8652a83b7c795128abef00ec21aec6ad7dfa318a7304e9,0d1aea07df0c99085ffc2750f018b9f7be2a0c39ffb3a8282a0bd63552eb6ce3,replay,w8a8_fp32,True,4e9f6c50354337c415bb8c37e3ed23736ee0af40,"[""/home/rmj/FPGA_LLM/llama2.c/build/smollm"",""replay"",""--mode"",""traces"",""--trace"",""/home/rmj/FPGA_LLM/llama2.c/traces/numerical/fp32_fp32.smtrace"",""--other"",""/home/rmj/FPGA_LLM/llama2.c/traces/numerical/w8a8_fp32.smtrace""]",-1,9.95070075989,traces,57,0.541707951662,model.embed_tokens.weight,1,4,57,2801664
d444685ef3228ef0f01eee77644159391f164fdf83c26382b42ed6e2b3825ef2,f05906efefe2cee8cd8652a83b7c795128abef00ec21aec6ad7dfa318a7304e9,0d1aea07df0c99085ffc2750f018b9f7be2a0c39ffb3a8282a0bd63552eb6ce3,replay,w8a8_fp32,True,4e9f6c50354337c415bb8c37e3ed23736ee0af40,"[""/home/rmj/FPGA_LLM/llama2.c/build/smollm"",""replay"",""--mode"",""traces"",""--trace"",""/home/rmj/FPGA_LLM/llama2.c/traces/numerical/fp32_fp32.smtrace"",""--other"",""/home/rmj/FPGA_LLM/llama2.c/traces/numerical/w8a8_fp32.smtrace""]",-1,9.95070075989,traces,57,0.541707951662,logits,1,4,57,2801664
d444685ef3228ef0f01eee77644159391f164fdf83c26382b42ed6e2b3825ef2,f05906efefe2cee8cd8652a83b7c795128abef00ec21aec6ad7dfa318a7304e9,f8ff21c5c4dba06240aaf4b2921d4065a02d86df0bdce294224040d61767ad9f,replay,fp32_kv8,True,4e9f6c50354337c415bb8c37e3ed23736ee0af40,"[""/home/rmj/FPGA_LLM/llama2.c/build/smollm"",""replay"",""--mode"",""traces"",""--trace"",""/home/rmj/FPGA_LLM/llama2.c/traces/numerical/fp32_fp32.smtrace"",""--other"",""/home/rmj/FPGA_LLM/llama2.c/traces/numerical/fp32_kv8.smtrace""]",-1,0,traces,57,0,embedding,1,0,57,32832
d444685ef3228ef0f01eee77644159391f164fdf83c26382b42ed6e2b3825ef2,f05906efefe2cee8cd8652a83b7c795128abef00ec21aec6ad7dfa318a7304e9,f8ff21c5c4dba06240aaf4b2921d4065a02d86df0bdce294224040d61767ad9f,replay,fp32_kv8,True,4e9f6c50354337c415bb8c37e3ed23736ee0af40,"[""/home/rmj/FPGA_LLM/llama2.c/build/smollm"",""replay"",""--mode"",""traces"",""--trace"",""/home/rmj/FPGA_LLM/llama2.c/traces/numerical/fp32_fp32.smtrace"",""--other"",""/home/rmj/FPGA_LLM/llama2.c/traces/numerical/fp32_kv8.smtrace""]",0,0.010383605957,traces,114,0.0019019418406,rms.rsqrt,1,0,0,114
d444685ef3228ef0f01eee77644159391f164fdf83c26382b42ed6e2b3825ef2,f05906efefe2cee8cd8652a83b7c795128abef00ec21aec6ad7dfa318a7304e9,f8ff21c5c4dba06240aaf4b2921d4065a02d86df0bdce294224040d61767ad9f,replay,fp32_kv8,True,4e9f6c50354337c415bb8c37e3ed23736ee0af40,"[""/home/rmj/FPGA_LLM/llama2.c/build/smollm"",""replay"",""--mode"",""traces"",""--trace"",""/home/rmj/FPGA_LLM/llama2.c/traces/numerical/fp32_fp32.smtrace"",""--other"",""/home/rmj/FPGA_LLM/llama2.c/traces/numerical/fp32_kv8.smtrace""]",0,0,traces,57,0,attn_norm,1,0,57,32832
d444685ef3228ef0f01eee77644159391f164fdf83c26382b42ed6e2b3825ef2,f05906efefe2cee8cd8652a83b7c795128abef00ec21aec6ad7dfa318a7304e9,f8ff21c5c4dba06240aaf4b2921d4065a02d86df0bdce294224040d61767ad9f,replay,fp32_kv8,True,4e9f6c50354337c415bb8c37e3ed23736ee0af40,"[""/home/rmj/FPGA_LLM/llama2.c/build/smollm"",""replay"",""--mode"",""traces"",""--trace"",""/home/rmj/FPGA_LLM/llama2.c/traces/numerical/fp32_fp32.smtrace"",""--other"",""/home/rmj/FPGA_LLM/llama2.c/traces/numerical/fp32_kv8.smtrace""]",0,0,traces,57,0,model.layers.0.self_attn.q_proj.weight,1,0,57,32832
d444685ef3228ef0f01eee77644159391f164fdf83c26382b42ed6e2b3825ef2,f05906efefe2cee8cd8652a83b7c795128abef00ec21aec6ad7dfa318a7304e9,f8ff21c5c4dba06240aaf4b2921d4065a02d86df0bdce294224040d61767ad9f,replay,fp32_kv8,True,4e9f6c50354337c415bb8c37e3ed23736ee0af40,"[""/home/rmj/FPGA_LLM/llama2.c/build/smollm"",""replay"",""--mode"",""traces"",""--trace"",""/home/rmj/FPGA_LLM/llama2.c/traces/numerical/fp32_fp32.smtrace"",""--other"",""/home/rmj/FPGA_LLM/llama2.c/traces/numerical/fp32_kv8.smtrace""]",0,0,traces,57,0,model.layers.0.self_attn.k_proj.weight,1,0,57,10944
d444685ef3228ef0f01eee77644159391f164fdf83c26382b42ed6e2b3825ef2,f05906efefe2cee8cd8652a83b7c795128abef00ec21aec6ad7dfa318a7304e9,f8ff21c5c4dba06240aaf4b2921d4065a02d86df0bdce294224040d61767ad9f,replay,fp32_kv8,True,4e9f6c50354337c415bb8c37e3ed23736ee0af40,"[""/home/rmj/FPGA_LLM/llama2.c/build/smollm"",""replay"",""--mode"",""traces"",""--trace"",""/home/rmj/FPGA_LLM/llama2.c/traces/numerical/fp32_fp32.smtrace"",""--other"",""/home/rmj/FPGA_LLM/llama2.c/traces/numerical/fp32_kv8.smtrace""]",0,0,traces,57,0,model.layers.0.self_attn.v_proj.weight,1,0,57,10944
d444685ef3228ef0f01eee77644159391f164fdf83c26382b42ed6e2b3825ef2,f05906efefe2cee8cd8652a83b7c795128abef00ec21aec6ad7dfa318a7304e9,f8ff21c5c4dba06240aaf4b2921d4065a02d86df0bdce294224040d61767ad9f,replay,fp32_kv8,True,4e9f6c50354337c415bb8c37e3ed23736ee0af40,"[""/home/rmj/FPGA_LLM/llama2.c/build/smollm"",""replay"",""--mode"",""traces"",""--trace"",""/home/rmj/FPGA_LLM/llama2.c/traces/numerical/fp32_fp32.smtrace"",""--other"",""/home/rmj/FPGA_LLM/llama2.c/traces/numerical/fp32_kv8.smtrace""]",0,0,traces,114,0,rope.sincos,1,0,114,7296
d444685ef3228ef0f01eee77644159391f164fdf83c26382b42ed6e2b3825ef2,f05906efefe2cee8cd8652a83b7c795128abef00ec21aec6ad7dfa318a7304e9,f8ff21c5c4dba06240aaf4b2921d4065a02d86df0bdce294224040d61767ad9f,replay,fp32_kv8,True,4e9f6c50354337c415bb8c37e3ed23736ee0af40,"[""/home/rmj/FPGA_LLM/llama2.c/build/smollm"",""replay"",""--mode"",""traces"",""--trace"",""/home/rmj/FPGA_LLM/llama2.c/traces/numerical/fp32_fp32.smtrace"",""--other"",""/home/rmj/FPGA_LLM/llama2.c/traces/numerical/fp32_kv8.smtrace""]",0,0,traces,57,0,q_rope,1,0,57,32832
d444685ef3228ef0f01eee77644159391f164fdf83c26382b42ed6e2b3825ef2,f05906efefe2cee8cd8652a83b7c795128abef00ec21aec6ad7dfa318a7304e9,f8ff21c5c4dba06240aaf4b2921d4065a02d86df0bdce294224040d61767ad9f,replay,fp32_kv8,True,4e9f6c50354337c415bb8c37e3ed23736ee0af40,"[""/home/rmj/FPGA_LLM/llama2.c/build/smollm"",""replay"",""--mode"",""traces"",""--trace"",""/home/rmj/FPGA_LLM/llama2.c/traces/numerical/fp32_fp32.smtrace"",""--other"",""/home/rmj/FPGA_LLM/llama2.c/traces/numerical/fp32_kv8.smtrace""]",0,0,traces,57,0,k_rope,1,0,57,10944
d444685ef3228ef0f01eee77644159391f164fdf83c26382b42ed6e2b3825ef2,f05906efefe2cee8cd8652a83b7c795128abef00ec21aec6ad7dfa318a7304e9,f8ff21c5c4dba06240aaf4b2921d4065a02d86df0bdce294224040d61767ad9f,replay,fp32_kv8,True,4e9f6c50354337c415bb8c37e3ed23736ee0af40,"[""/home/rmj/FPGA_LLM/llama2.c/build/smollm"",""replay"",""--mode"",""traces"",""--trace"",""/home/rmj/FPGA_LLM/llama2.c/traces/numerical/fp32_fp32.smtrace"",""--other"",""/home/rmj/FPGA_LLM/llama2.c/traces/numerical/fp32_kv8.smtrace""]",0,0,traces,57,0,v,1,0,57,10944
d444685ef3228ef0f01eee77644159391f164fdf83c26382b42ed6e2b3825ef2,f05906efefe2cee8cd8652a83b7c795128abef00ec21aec6ad7dfa318a7304e9,f8ff21c5c4dba06240aaf4b2921d4065a02d86df0bdce294224040d61767ad9f,replay,fp32_kv8,True,4e9f6c50354337c415bb8c37e3ed23736ee0af40,"[""/home/rmj/FPGA_LLM/llama2.c/build/smollm"",""replay"",""--mode"",""traces"",""--trace"",""/home/rmj/FPGA_LLM/llama2.c/traces/numerical/fp32_fp32.smtrace"",""--other"",""/home/rmj/FPGA_LLM/llama2.c/traces/numerical/fp32_kv8.smtrace""]",0,0.0998228788376,traces,513,0.00523545837918,softmax.exp,1,9,504,14877
d444685ef3228ef0f01eee77644159391f164fdf83c26382b42ed6e2b3825ef2,f05906efefe2cee8cd8652a83b7c795128abef00ec21aec6ad7dfa318a7304e9,f8ff21c5c4dba06240aaf4b2921d4065a02d86df0bdce294224040d61767ad9f,replay,fp32_kv8,True,4e9f6c50354337c415bb8c37e3ed23736ee0af40,"[""/home/rmj/FPGA_LLM/llama2.c/build/smollm"",""replay"",""--mode"",""traces"",""--trace"",""/home/rmj/FPGA_LLM/llama2.c/traces/numerical/fp32_fp32.smtrace"",""--other"",""/home/rmj/FPGA_LLM/llama2.c/traces/numerical/fp32_kv8.smtrace""]",0,0.0170472860336,traces,513,0.00339794161571,softmax.reciprocal,1,0,0,513
d444685ef3228ef0f01eee77644159391f164fdf83c26382b42ed6e2b3825ef2,f05906efefe2cee8cd8652a83b7c795128abef00ec21aec6ad7dfa318a7304e9,f8ff21c5c4dba06240aaf4b2921d4065a02d86df0bdce294224040d61767ad9f,replay,fp32_kv8,True,4e9f6c50354337c415bb8c37e3ed23736ee0af40,"[""/home/rmj/FPGA_LLM/llama2.c/build/smollm"",""replay"",""--mode"",""traces"",""--trace"",""/home/rmj/FPGA_LLM/llama2.c/traces/numerical/fp32_fp32.smtrace"",""--other"",""/home/rmj/FPGA_LLM/llama2.c/traces/numerical/fp32_kv8.smtrace""]",0,0.0170472860336,traces,513,0.000639908905042,attention.probabilities,1,9,513,29241
d444685ef3228ef0f01eee77644159391f164fdf83c26382b42ed6e2b3825ef2,f05906efefe2cee8cd8652a83b7c795128abef00ec21aec6ad7dfa318a7304e9,f8ff21c5c4dba06240aaf4b2921d4065a02d86df0bdce294224040d61767ad9f,replay,fp32_kv8,True,4e9f6c50354337c415bb8c37e3ed23736ee0af40,"[""/home/rmj/FPGA_LLM/llama2.c/build/smollm"",""replay"",""--mode"",""traces"",""--trace"",""/home/rmj/FPGA_LLM/llama2.c/traces/numerical/fp32_fp32.smtrace"",""--other"",""/home/rmj/FPGA_LLM/llama2.c/traces/numerical/fp32_kv8.smtrace""]",0,0.00462327897549,traces,57,0.000292089042125,attention,1,0,57,32832
d444685ef3228ef0f01eee77644159391f164fdf83c26382b42ed6e2b3825ef2,f05906efefe2cee8cd8652a83b7c795128abef00ec21aec6ad7dfa318a7304e9,f8ff21c5c4dba06240aaf4b2921d4065a02d86df0bdce294224040d61767ad9f,replay,fp32_kv8,True,4e9f6c50354337c415bb8c37e3ed23736ee0af40,"[""/home/rmj/FPGA_LLM/llama2.c/build/smollm"",""replay"",""--mode"",""traces"",""--trace"",""/home/rmj/FPGA_LLM/llama2.c/traces/numerical/fp32_fp32.smtrace"",""--other"",""/home/rmj/FPGA_LLM/llama2.c/traces/numerical/fp32_kv8.smtrace""]",0,0.00381603837013,traces,57,0.000436545245414,model.layers.0.self_attn.o_proj.weight,1,0,57,32832
d444685ef3228ef0f01eee77644159391f164fdf83c26382b42ed6e2b3825ef2,f05906efefe2cee8cd8652a83b7c795128abef00ec21aec6ad7dfa318a7304e9,f8ff21c5c4dba06240aaf4b2921d4065a02d86df0bdce294224040d61767ad9f,replay,fp32_kv8,True,4e9f6c50354337c415bb8c37e3ed23736ee0af40,"[""/home/rmj/FPGA_LLM/llama2.c/build/smollm"",""replay"",""--mode"",""traces"",""--trace"",""/home/rmj/FPGA_LLM/llama2.c/traces/numerical/fp32_fp32.smtrace"",""--other"",""/home/rmj/FPGA_LLM/llama2.c/traces/numerical/fp32_kv8.smtrace""]",0,0.00381603837013,traces,57,0.00043654516899,attn_residual,1,0,57,32832
d444685ef3228ef0f01eee77644159391f164fdf83c26382b42ed6e2b3825ef2,f05906efefe2cee8cd8652a83b7c795128abef00ec21aec6ad7dfa318a7304e9,f8ff21c5c4dba06240aaf4b2921d4065a02d86df0bdce294224040d61767ad9f,replay,fp32_kv8,True,4e9f6c50354337c415bb8c37e3ed23736ee0af40,"[""/home/rmj/FPGA_LLM/llama2.c/build/smollm"",""replay"",""--mode"",""traces"",""--trace"",""/home/rmj/FPGA_LLM/llama2.c/traces/numerical/fp32_fp32.smtrace"",""--other"",""/home/rmj/FPGA_LLM/llama2.c/traces/numerical/fp32_kv8.smtrace""]",0,0.0050313770771,traces,57,0.000345265742198,ffn_norm,1,0,57,32832
d444685ef3228ef0f01eee77644159391f164fdf83c26382b42ed6e2b3825ef2,f05906efefe2cee8cd8652a83b7c795128abef00ec21aec6ad7dfa318a7304e9,f8ff21c5c4dba06240aaf4b2921d4065a02d86df0bdce294224040d61767ad9f,replay,fp32_kv8,True,4e9f6c50354337c415bb8c37e3ed23736ee0af40,"[""/home/rmj/FPGA_LLM/llama2.c/build/smollm"",""replay"",""--mode"",""traces"",""--trace"",""/home/rmj/FPGA_LLM/llama2.c/traces/numerical/fp32_fp32.smtrace"",""--other"",""/home/rmj/FPGA_LLM/llama2.c/traces/numerical/fp32_kv8.smtrace""]",0,0.0414981842041,traces,57,0.00139348258846,model.layers.0.mlp.gate_proj.weight,1,0,57,87552
d444685ef3228ef0f01eee77644159391f164fdf83c26382b42ed6e2b3825ef2,f05906efefe2cee8cd8652a83b7c795128abef00ec21aec6ad7dfa318a7304e9,f8ff21c5c4dba06240aaf4b2921d4065a02d86df0bdce294224040d61767ad9f,replay,fp32_kv8,True,4e9f6c50354337c415bb8c37e3ed23736ee0af40,"[""/home/rmj/FPGA_LLM/llama2.c/build/smollm"",""replay"",""--mode"",""traces"",""--trace"",""/home/rmj/FPGA_LLM/llama2.c/traces/numerical/fp32_fp32.smtrace"",""--other"",""/home/rmj/FPGA_LLM/llama2.c/traces/numerical/fp32_kv8.smtrace""]",0,0.0351997613907,traces,57,0.00108387216463,model.layers.0.mlp.up_proj.weight,1,0,57,87552
d444685ef3228ef0f01eee77644159391f164fdf83c26382b42ed6e2b3825ef2,f05906efefe2cee8cd8652a83b7c795128abef00ec21aec6ad7dfa318a7304e9,f8ff21c5c4dba06240aaf4b2921d4065a02d86df0bdce294224040d61767ad9f,replay,fp32_kv8,True,4e9f6c50354337c415bb8c37e3ed23736ee0af40,"[""/home/rmj/FPGA_LLM/llama2.c/build/smollm"",""replay"",""--mode"",""traces"",""--trace"",""/home/rmj/FPGA_LLM/llama2.c/traces/numerical/fp32_fp32.smtrace"",""--other"",""/home/rmj/FPGA_LLM/llama2.c/traces/numerical/fp32_kv8.smtrace""]",0,3.69458770752,traces,57,0.0173073442977,silu.exp,1,0,57,87552
d444685ef3228ef0f01eee77644159391f164fdf83c26382b42ed6e2b3825ef2,f05906efefe2cee8cd8652a83b7c795128abef00ec21aec6ad7dfa318a7304e9,f8ff21c5c4dba06240aaf4b2921d4065a02d86df0bdce294224040d61767ad9f,replay,fp32_kv8,True,4e9f6c50354337c415bb8c37e3ed23736ee0af40,"[""/home/rmj/FPGA_LLM/llama2.c/build/smollm"",""replay"",""--mode"",""traces"",""--trace"",""/home/rmj/FPGA_LLM/llama2.c/traces/numerical/fp32_fp32.smtrace"",""--other"",""/home/rmj/FPGA_LLM/llama2.c/traces/numerical/fp32_kv8.smtrace""]",0,0.00570648908615,traces,57,0.000320445412278,silu.reciprocal,1,0,57,87552
d444685ef3228ef0f01eee77644159391f164fdf83c26382b42ed6e2b3825ef2,f05906efefe2cee8cd8652a83b7c795128abef00ec21aec6ad7dfa318a7304e9,f8ff21c5c4dba06240aaf4b2921d4065a02d86df0bdce294224040d61767ad9f,replay,fp32_kv8,True,4e9f6c50354337c415bb8c37e3ed23736ee0af40,"[""/home/rmj/FPGA_LLM/llama2.c/build/smollm"",""replay"",""--mode"",""traces"",""--trace"",""/home/rmj/FPGA_LLM/llama2.c/traces/numerical/fp32_fp32.smtrace"",""--other"",""/home/rmj/FPGA_LLM/llama2.c/traces/numerical/fp32_kv8.smtrace""]",0,0.01335516572,traces,57,0.000696605241332,gate_silu,1,0,57,87552
d444685ef3228ef0f01eee77644159391f164fdf83c26382b42ed6e2b3825ef2,f05906efefe2cee8cd8652a83b7c795128abef00ec21aec6ad7dfa318a7304e9,f8ff21c5c4dba06240aaf4b2921d4065a02d86df0bdce294224040d61767ad9f,replay,fp32_kv8,True,4e9f6c50354337c415bb8c37e3ed23736ee0af40,"[""/home/rmj/FPGA_LLM/llama2.c/build/smollm"",""replay"",""--mode"",""traces"",""--trace"",""/home/rmj/FPGA_LLM/llama2.c/traces/numerical/fp32_fp32.smtrace"",""--other"",""/home/rmj/FPGA_LLM/llama2.c/traces/numerical/fp32_kv8.smtrace""]",0,0.0494613647461,traces,57,0.00282010604843,model.layers.0.mlp.down_proj.weight,1,0,57,32832
d444685ef3228ef0f01eee77644159391f164fdf83c26382b42ed6e2b3825ef2,f05906efefe2cee8cd8652a83b7c795128abef00ec21aec6ad7dfa318a7304e9,f8ff21c5c4dba06240aaf4b2921d4065a02d86df0bdce294224040d61767ad9f,replay,fp32_kv8,True,4e9f6c50354337c415bb8c37e3ed23736ee0af40,"[""/home/rmj/FPGA_LLM/llama2.c/build/smollm"",""replay"",""--mode"",""traces"",""--trace"",""/home/rmj/FPGA_LLM/llama2.c/traces/numerical/fp32_fp32.smtrace"",""--other"",""/home/rmj/FPGA_LLM/llama2.c/traces/numerical/fp32_kv8.smtrace""]",0,0.04958152771,traces,57,0.00285727767633,ffn_residual,1,0,57,32832
d444685ef3228ef0f01eee77644159391f164fdf83c26382b42ed6e2b3825ef2,f05906efefe2cee8cd8652a83b7c795128abef00ec21aec6ad7dfa318a7304e9,f8ff21c5c4dba06240aaf4b2921d4065a02d86df0bdce294224040d61767ad9f,replay,fp32_kv8,True,4e9f6c50354337c415bb8c37e3ed23736ee0af40,"[""/home/rmj/FPGA_LLM/llama2.c/build/smollm"",""replay"",""--mode"",""traces"",""--trace"",""/home/rmj/FPGA_LLM/llama2.c/traces/numerical/fp32_fp32.smtrace"",""--other"",""/home/rmj/FPGA_LLM/llama2.c/traces/numerical/fp32_kv8.smtrace""]",14,0.000868916511536,traces,114,0.000289771566913,rms.rsqrt,1,0,0,114
d444685ef3228ef0f01eee77644159391f164fdf83c26382b42ed6e2b3825ef2,f05906efefe2cee8cd8652a83b7c795128abef00ec21aec6ad7dfa318a7304e9,f8ff21c5c4dba06240aaf4b2921d4065a02d86df0bdce294224040d61767ad9f,replay,fp32_kv8,True,4e9f6c50354337c415bb8c37e3ed23736ee0af40,"[""/home/rmj/FPGA_LLM/llama2.c/build/smollm"",""replay"",""--mode"",""traces"",""--trace"",""/home/rmj/FPGA_LLM/llama2.c/traces/numerical/fp32_fp32.smtrace"",""--other"",""/home/rmj/FPGA_LLM/llama2.c/traces/numerical/fp32_kv8.smtrace""]",14,0.0357780456543,traces,57,0.00313339125591,attn_norm,1,1,57,32832
d444685ef3228ef0f01eee77644159391f164fdf83c26382b42ed6e2b3825ef2,f05906efefe2cee8cd8652a83b7c795128abef00ec21aec6ad7dfa318a7304e9,f8ff21c5c4dba06240aaf4b2921d4065a02d86df0bdce294224040d61767ad9f,replay,fp32_kv8,True,4e9f6c50354337c415bb8c37e3ed23736ee0af40,"[""/home/rmj/FPGA_LLM/llama2.c/build/smollm"",""replay"",""--mode"",""traces"",""--trace"",""/home/rmj/FPGA_LLM/llama2.c/traces/numerical/fp32_fp32.smtrace"",""--other"",""/home/rmj/FPGA_LLM/llama2.c/traces/numerical/fp32_kv8.smtrace""]",14,0.111883342266,traces,57,0.0153993176487,model.layers.14.self_attn.q_proj.weight,1,0,57,32832
d444685ef3228ef0f01eee77644159391f164fdf83c26382b42ed6e2b3825ef2,f05906efefe2cee8cd8652a83b7c795128abef00ec21aec6ad7dfa318a7304e9,f8ff21c5c4dba06240aaf4b2921d4065a02d86df0bdce294224040d61767ad9f,replay,fp32_kv8,True,4e9f6c50354337c415bb8c37e3ed23736ee0af40,"[""/home/rmj/FPGA_LLM/llama2.c/build/smollm"",""replay"",""--mode"",""traces"",""--trace"",""/home/rmj/FPGA_LLM/llama2.c/traces/numerical/fp32_fp32.smtrace"",""--other"",""/home/rmj/FPGA_LLM/llama2.c/traces/numerical/fp32_kv8.smtrace""]",14,0.0891070365906,traces,57,0.015308285169,model.layers.14.self_attn.k_proj.weight,1,0,57,10944
d444685ef3228ef0f01eee77644159391f164fdf83c26382b42ed6e2b3825ef2,f05906efefe2cee8cd8652a83b7c795128abef00ec21aec6ad7dfa318a7304e9,f8ff21c5c4dba06240aaf4b2921d4065a02d86df0bdce294224040d61767ad9f,replay,fp32_kv8,True,4e9f6c50354337c415bb8c37e3ed23736ee0af40,"[""/home/rmj/FPGA_LLM/llama2.c/build/smollm"",""replay"",""--mode"",""traces"",""--trace"",""/home/rmj/FPGA_LLM/llama2.c/traces/numerical/fp32_fp32.smtrace"",""--other"",""/home/rmj/FPGA_LLM/llama2.c/traces/numerical/fp32_kv8.smtrace""]",14,0.0764555931091,traces,57,0.0142559801069,model.layers.14.self_attn.v_proj.weight,1,3,57,10944
d444685ef3228ef0f01eee77644159391f164fdf83c26382b42ed6e2b3825ef2,f05906efefe2cee8cd8652a83b7c795128abef00ec21aec6ad7dfa318a7304e9,f8ff21c5c4dba06240aaf4b2921d4065a02d86df0bdce294224040d61767ad9f,replay,fp32_kv8,True,4e9f6c50354337c415bb8c37e3ed23736ee0af40,"[""/home/rmj/FPGA_LLM/llama2.c/build/smollm"",""replay"",""--mode"",""traces"",""--trace"",""/home/rmj/FPGA_LLM/llama2.c/traces/numerical/fp32_fp32.smtrace"",""--other"",""/home/rmj/FPGA_LLM/llama2.c/traces/numerical/fp32_kv8.smtrace""]",14,0,traces,114,0,rope.sincos,1,0,114,7296
d444685ef3228ef0f01eee77644159391f164fdf83c26382b42ed6e2b3825ef2,f05906efefe2cee8cd8652a83b7c795128abef00ec21aec6ad7dfa318a7304e9,f8ff21c5c4dba06240aaf4b2921d4065a02d86df0bdce294224040d61767ad9f,replay,fp32_kv8,True,4e9f6c50354337c415bb8c37e3ed23736ee0af40,"[""/home/rmj/FPGA_LLM/llama2.c/build/smollm"",""replay"",""--mode"",""traces"",""--trace"",""/home/rmj/FPGA_LLM/llama2.c/traces/numerical/fp32_fp32.smtrace"",""--other"",""/home/rmj/FPGA_LLM/llama2.c/traces/numerical/fp32_kv8.smtrace""]",14,0.11186721921,traces,57,0.0153993182597,q_rope,1,0,57,32832
d444685ef3228ef0f01eee77644159391f164fdf83c26382b42ed6e2b3825ef2,f05906efefe2cee8cd8652a83b7c795128abef00ec21aec6ad7dfa318a7304e9,f8ff21c5c4dba06240aaf4b2921d4065a02d86df0bdce294224040d61767ad9f,replay,fp32_kv8,True,4e9f6c50354337c415bb8c37e3ed23736ee0af40,"[""/home/rmj/FPGA_LLM/llama2.c/build/smollm"",""replay"",""--mode"",""traces"",""--trace"",""/home/rmj/FPGA_LLM/llama2.c/traces/numerical/fp32_fp32.smtrace"",""--other"",""/home/rmj/FPGA_LLM/llama2.c/traces/numerical/fp32_kv8.smtrace""]",14,0.0891120433807,traces,57,0.0153082846932,k_rope,1,0,57,10944
d444685ef3228ef0f01eee77644159391f164fdf83c26382b42ed6e2b3825ef2,f05906efefe2cee8cd8652a83b7c795128abef00ec21aec6ad7dfa318a7304e9,f8ff21c5c4dba06240aaf4b2921d4065a02d86df0bdce294224040d61767ad9f,replay,fp32_kv8,True,4e9f6c50354337c415bb8c37e3ed23736ee0af40,"[""/home/rmj/FPGA_LLM/llama2.c/build/smollm"",""replay"",""--mode"",""traces"",""--trace"",""/home/rmj/FPGA_LLM/llama2.c/traces/numerical/fp32_fp32.smtrace"",""--other"",""/home/rmj/FPGA_LLM/llama2.c/traces/numerical/fp32_kv8.smtrace""]",14,0.0764555931091,traces,57,0.0142559801069,v,1,3,57,10944
d444685ef3228ef0f01eee77644159391f164fdf83c26382b42ed6e2b3825ef2,f05906efefe2cee8cd8652a83b7c795128abef00ec21aec6ad7dfa318a7304e9,f8ff21c5c4dba06240aaf4b2921d4065a02d86df0bdce294224040d61767ad9f,replay,fp32_kv8,True,4e9f6c50354337c415bb8c37e3ed23736ee0af40,"[""/home/rmj/FPGA_LLM/llama2.c/build/smollm"",""replay"",""--mode"",""traces"",""--trace"",""/home/rmj/FPGA_LLM/llama2.c/traces/numerical/fp32_fp32.smtrace"",""--other"",""/home/rmj/FPGA_LLM/llama2.c/traces/numerical/fp32_kv8.smtrace""]",14,0.119047641754,traces,513,0.00491516391874,softmax.exp,1,7,504,14877
d444685ef3228ef0f01eee77644159391f164fdf83c26382b42ed6e2b3825ef2,f05906efefe2cee8cd8652a83b7c795128abef00ec21aec6ad7dfa318a7304e9,f8ff21c5c4dba06240aaf4b2921d4065a02d86df0bdce294224040d61767ad9f,replay,fp32_kv8,True,4e9f6c50354337c415bb8c37e3ed23736ee0af40,"[""/home/rmj/FPGA_LLM/llama2.c/build/smollm"",""replay"",""--mode"",""traces"",""--trace"",""/home/rmj/FPGA_LLM/llama2.c/traces/numerical/fp32_fp32.smtrace"",""--other"",""/home/rmj/FPGA_LLM/llama2.c/traces/numerical/fp32_kv8.smtrace""]",14,0.0337343811989,traces,513,0.00540889399248,softmax.reciprocal,1,0,0,513
d444685ef3228ef0f01eee77644159391f164fdf83c26382b42ed6e2b3825ef2,f05906efefe2cee8cd8652a83b7c795128abef00ec21aec6ad7dfa318a7304e9,f8ff21c5c4dba06240aaf4b2921d4065a02d86df0bdce294224040d61767ad9f,replay,fp32_kv8,True,4e9f6c50354337c415bb8c37e3ed23736ee0af40,"[""/home/rmj/FPGA_LLM/llama2.c/build/smollm"",""replay"",""--mode"",""traces"",""--trace"",""/home/rmj/FPGA_LLM/llama2.c/traces/numerical/fp32_fp32.smtrace"",""--other"",""/home/rmj/FPGA_LLM/llama2.c/traces/numerical/fp32_kv8.smtrace""]",14,0.0337343811989,traces,513,0.00109521517689,attention.probabilities,1,7,513,29241
d444685ef3228ef0f01eee77644159391f164fdf83c26382b42ed6e2b3825ef2,f05906efefe2cee8cd8652a83b7c795128abef00ec21aec6ad7dfa318a7304e9,f8ff21c5c4dba06240aaf4b2921d4065a02d86df0bdce294224040d61767ad9f,replay,fp32_kv8,True,4e9f6c50354337c415bb8c37e3ed23736ee0af40,"[""/home/rmj/FPGA_LLM/llama2.c/build/smollm"",""replay"",""--mode"",""traces"",""--trace"",""/home/rmj/FPGA_LLM/llama2.c/traces/numerical/fp32_fp32.smtrace"",""--other"",""/home/rmj/FPGA_LLM/llama2.c/traces/numerical/fp32_kv8.smtrace""]",14,0.0643371343613,traces,57,0.00607194520462,attention,1,3,57,32832
d444685ef3228ef0f01eee77644159391f164fdf83c26382b42ed6e2b3825ef2,f05906efefe2cee8cd8652a83b7c795128abef00ec21aec6ad7dfa318a7304e9,f8ff21c5c4dba06240aaf4b2921d4065a02d86df0bdce294224040d61767ad9f,replay,fp32_kv8,True,4e9f6c50354337c415bb8c37e3ed23736ee0af40,"[""/home/rmj/FPGA_LLM/llama2.c/build/smollm"",""replay"",""--mode"",""traces"",""--trace"",""/home/rmj/FPGA_LLM/llama2.c/traces/numerical/fp32_fp32.smtrace"",""--other"",""/home/rmj/FPGA_LLM/llama2.c/traces/numerical/fp32_kv8.smtrace""]",14,0.141732692719,traces,57,0.0215588838721,model.layers.14.self_attn.o_proj.weight,1,0,57,32832
d444685ef3228ef0f01eee77644159391f164fdf83c26382b42ed6e2b3825ef2,f05906efefe2cee8cd8652a83b7c795128abef00ec21aec6ad7dfa318a7304e9,f8ff21c5c4dba06240aaf4b2921d4065a02d86df0bdce294224040d61767ad9f,replay,fp32_kv8,True,4e9f6c50354337c415bb8c37e3ed23736ee0af40,"[""/home/rmj/FPGA_LLM/llama2.c/build/smollm"",""replay"",""--mode"",""traces"",""--trace"",""/home/rmj/FPGA_LLM/llama2.c/traces/numerical/fp32_fp32.smtrace"",""--other"",""/home/rmj/FPGA_LLM/llama2.c/traces/numerical/fp32_kv8.smtrace""]",14,10.189453125,traces,57,0.0825571757768,attn_residual,1,0,57,32832
d444685ef3228ef0f01eee77644159391f164fdf83c26382b42ed6e2b3825ef2,f05906efefe2cee8cd8652a83b7c795128abef00ec21aec6ad7dfa318a7304e9,f8ff21c5c4dba06240aaf4b2921d4065a02d86df0bdce294224040d61767ad9f,replay,fp32_kv8,True,4e9f6c50354337c415bb8c37e3ed23736ee0af40,"[""/home/rmj/FPGA_LLM/llama2.c/build/smollm"",""replay"",""--mode"",""traces"",""--trace"",""/home/rmj/FPGA_LLM/llama2.c/traces/numerical/fp32_fp32.smtrace"",""--other"",""/home/rmj/FPGA_LLM/llama2.c/traces/numerical/fp32_kv8.smtrace""]",14,0.0134704262018,traces,57,0.00221707920513,ffn_norm,1,1,57,32832
d444685ef3228ef0f01eee77644159391f164fdf83c26382b42ed6e2b3825ef2,f05906efefe2cee8cd8652a83b7c795128abef00ec21aec6ad7dfa318a7304e9,f8ff21c5c4dba06240aaf4b2921d4065a02d86df0bdce294224040d61767ad9f,replay,fp32_kv8,True,4e9f6c50354337c415bb8c37e3ed23736ee0af40,"[""/home/rmj/FPGA_LLM/llama2.c/build/smollm"",""replay"",""--mode"",""traces"",""--trace"",""/home/rmj/FPGA_LLM/llama2.c/traces/numerical/fp32_fp32.smtrace"",""--other"",""/home/rmj/FPGA_LLM/llama2.c/traces/numerical/fp32_kv8.smtrace""]",14,0.134543418884,traces,57,0.0103070954181,model.layers.14.mlp.gate_proj.weight,1,2,57,87552
d444685ef3228ef0f01eee77644159391f164fdf83c26382b42ed6e2b3825ef2,f05906efefe2cee8cd8652a83b7c795128abef00ec21aec6ad7dfa318a7304e9,f8ff21c5c4dba06240aaf4b2921d4065a02d86df0bdce294224040d61767ad9f,replay,fp32_kv8,True,4e9f6c50354337c415bb8c37e3ed23736ee0af40,"[""/home/rmj/FPGA_LLM/llama2.c/build/smollm"",""replay"",""--mode"",""traces"",""--trace"",""/home/rmj/FPGA_LLM/llama2.c/traces/numerical/fp32_fp32.smtrace"",""--other"",""/home/rmj/FPGA_LLM/llama2.c/traces/numerical/fp32_kv8.smtrace""]",14,0.0787453651428,traces,57,0.0106226436236,model.layers.14.mlp.up_proj.weight,1,1,57,87552
d444685ef3228ef0f01eee77644159391f164fdf83c26382b42ed6e2b3825ef2,f05906efefe2cee8cd8652a83b7c795128abef00ec21aec6ad7dfa318a7304e9,f8ff21c5c4dba06240aaf4b2921d4065a02d86df0bdce294224040d61767ad9f,replay,fp32_kv8,True,4e9f6c50354337c415bb8c37e3ed23736ee0af40,"[""/home/rmj/FPGA_LLM/llama2.c/build/smollm"",""replay"",""--mode"",""traces"",""--trace"",""/home/rmj/FPGA_LLM/llama2.c/traces/numerical/fp32_fp32.smtrace"",""--other"",""/home/rmj/FPGA_LLM/llama2.c/traces/numerical/fp32_kv8.smtrace""]",14,15.5789489746,traces,57,0.105470957788,silu.exp,1,1,57,87552
d444685ef3228ef0f01eee77644159391f164fdf83c26382b42ed6e2b3825ef2,f05906efefe2cee8cd8652a83b7c795128abef00ec21aec6ad7dfa318a7304e9,f8ff21c5c4dba06240aaf4b2921d4065a02d86df0bdce294224040d61767ad9f,replay,fp32_kv8,True,4e9f6c50354337c415bb8c37e3ed23736ee0af40,"[""/home/rmj/FPGA_LLM/llama2.c/build/smollm"",""replay"",""--mode"",""traces"",""--trace"",""/home/rmj/FPGA_LLM/llama2.c/traces/numerical/fp32_fp32.smtrace"",""--other"",""/home/rmj/FPGA_LLM/llama2.c/traces/numerical/fp32_kv8.smtrace""]",14,0.0212555527687,traces,57,0.00220589971573,silu.reciprocal,1,2,57,87552
d444685ef3228ef0f01eee77644159391f164fdf83c26382b42ed6e2b3825ef2,f05906efefe2cee8cd8652a83b7c795128abef00ec21aec6ad7dfa318a7304e9,f8ff21c5c4dba06240aaf4b2921d4065a02d86df0bdce294224040d61767ad9f,replay,fp32_kv8,True,4e9f6c50354337c415bb8c37e3ed23736ee0af40,"[""/home/rmj/FPGA_LLM/llama2.c/build/smollm"",""replay"",""--mode"",""traces"",""--trace"",""/home/rmj/FPGA_LLM/llama2.c/traces/numerical/fp32_fp32.smtrace"",""--other"",""/home/rmj/FPGA_LLM/llama2.c/traces/numerical/fp32_kv8.smtrace""]",14,0.144672632217,traces,57,0.00502239480289,gate_silu,1,2,57,87552
d444685ef3228ef0f01eee77644159391f164fdf83c26382b42ed6e2b3825ef2,f05906efefe2cee8cd8652a83b7c795128abef00ec21aec6ad7dfa318a7304e9,f8ff21c5c4dba06240aaf4b2921d4065a02d86df0bdce294224040d61767ad9f,replay,fp32_kv8,True,4e9f6c50354337c415bb8c37e3ed23736ee0af40,"[""/home/rmj/FPGA_LLM/llama2.c/build/smollm"",""replay"",""--mode"",""traces"",""--trace"",""/home/rmj/FPGA_LLM/llama2.c/traces/numerical/fp32_fp32.smtrace"",""--other"",""/home/rmj/FPGA_LLM/llama2.c/traces/numerical/fp32_kv8.smtrace""]",14,0.499219894409,traces,57,0.031001734851,model.layers.14.mlp.down_proj.weight,1,2,57,32832
d444685ef3228ef0f01eee77644159391f164fdf83c26382b42ed6e2b3825ef2,f05906efefe2cee8cd8652a83b7c795128abef00ec21aec6ad7dfa318a7304e9,f8ff21c5c4dba06240aaf4b2921d4065a02d86df0bdce294224040d61767ad9f,replay,fp32_kv8,True,4e9f6c50354337c415bb8c37e3ed23736ee0af40,"[""/home/rmj/FPGA_LLM/llama2.c/build/smollm"",""replay"",""--mode"",""traces"",""--trace"",""/home/rmj/FPGA_LLM/llama2.c/traces/numerical/fp32_fp32.smtrace"",""--other"",""/home/rmj/FPGA_LLM/llama2.c/traces/numerical/fp32_kv8.smtrace""]",14,10.189453125,traces,57,0.0820460879523,ffn_residual,1,0,57,32832
d444685ef3228ef0f01eee77644159391f164fdf83c26382b42ed6e2b3825ef2,f05906efefe2cee8cd8652a83b7c795128abef00ec21aec6ad7dfa318a7304e9,f8ff21c5c4dba06240aaf4b2921d4065a02d86df0bdce294224040d61767ad9f,replay,fp32_kv8,True,4e9f6c50354337c415bb8c37e3ed23736ee0af40,"[""/home/rmj/FPGA_LLM/llama2.c/build/smollm"",""replay"",""--mode"",""traces"",""--trace"",""/home/rmj/FPGA_LLM/llama2.c/traces/numerical/fp32_fp32.smtrace"",""--other"",""/home/rmj/FPGA_LLM/llama2.c/traces/numerical/fp32_kv8.smtrace""]",29,0.000113606452942,traces,114,4.68515709374e-05,rms.rsqrt,1,0,0,114
d444685ef3228ef0f01eee77644159391f164fdf83c26382b42ed6e2b3825ef2,f05906efefe2cee8cd8652a83b7c795128abef00ec21aec6ad7dfa318a7304e9,f8ff21c5c4dba06240aaf4b2921d4065a02d86df0bdce294224040d61767ad9f,replay,fp32_kv8,True,4e9f6c50354337c415bb8c37e3ed23736ee0af40,"[""/home/rmj/FPGA_LLM/llama2.c/build/smollm"",""replay"",""--mode"",""traces"",""--trace"",""/home/rmj/FPGA_LLM/llama2.c/traces/numerical/fp32_fp32.smtrace"",""--other"",""/home/rmj/FPGA_LLM/llama2.c/traces/numerical/fp32_kv8.smtrace""]",29,0.0483651161194,traces,57,0.00415722272986,attn_norm,1,0,57,32832
d444685ef3228ef0f01eee77644159391f164fdf83c26382b42ed6e2b3825ef2,f05906efefe2cee8cd8652a83b7c795128abef00ec21aec6ad7dfa318a7304e9,f8ff21c5c4dba06240aaf4b2921d4065a02d86df0bdce294224040d61767ad9f,replay,fp32_kv8,True,4e9f6c50354337c415bb8c37e3ed23736ee0af40,"[""/home/rmj/FPGA_LLM/llama2.c/build/smollm"",""replay"",""--mode"",""traces"",""--trace"",""/home/rmj/FPGA_LLM/llama2.c/traces/numerical/fp32_fp32.smtrace"",""--other"",""/home/rmj/FPGA_LLM/llama2.c/traces/numerical/fp32_kv8.smtrace""]",29,0.0965595245361,traces,57,0.0135676960356,model.layers.29.self_attn.q_proj.weight,1,0,57,32832
d444685ef3228ef0f01eee77644159391f164fdf83c26382b42ed6e2b3825ef2,f05906efefe2cee8cd8652a83b7c795128abef00ec21aec6ad7dfa318a7304e9,f8ff21c5c4dba06240aaf4b2921d4065a02d86df0bdce294224040d61767ad9f,replay,fp32_kv8,True,4e9f6c50354337c415bb8c37e3ed23736ee0af40,"[""/home/rmj/FPGA_LLM/llama2.c/build/smollm"",""replay"",""--mode"",""traces"",""--trace"",""/home/rmj/FPGA_LLM/llama2.c/traces/numerical/fp32_fp32.smtrace"",""--other"",""/home/rmj/FPGA_LLM/llama2.c/traces/numerical/fp32_kv8.smtrace""]",29,0.0646579116583,traces,57,0.0117395061941,model.layers.29.self_attn.k_proj.weight,1,0,57,10944
d444685ef3228ef0f01eee77644159391f164fdf83c26382b42ed6e2b3825ef2,f05906efefe2cee8cd8652a83b7c795128abef00ec21aec6ad7dfa318a7304e9,f8ff21c5c4dba06240aaf4b2921d4065a02d86df0bdce294224040d61767ad9f,replay,fp32_kv8,True,4e9f6c50354337c415bb8c37e3ed23736ee0af40,"[""/home/rmj/FPGA_LLM/llama2.c/build/smollm"",""replay"",""--mode"",""traces"",""--trace"",""/home/rmj/FPGA_LLM/llama2.c/traces/numerical/fp32_fp32.smtrace"",""--other"",""/home/rmj/FPGA_LLM/llama2.c/traces/numerical/fp32_kv8.smtrace""]",29,0.145557641983,traces,57,0.024600774784,model.layers.29.self_attn.v_proj.weight,1,2,57,10944
d444685ef3228ef0f01eee77644159391f164fdf83c26382b42ed6e2b3825ef2,f05906efefe2cee8cd8652a83b7c795128abef00ec21aec6ad7dfa318a7304e9,f8ff21c5c4dba06240aaf4b2921d4065a02d86df0bdce294224040d61767ad9f,replay,fp32_kv8,True,4e9f6c50354337c415bb8c37e3ed23736ee0af40,"[""/home/rmj/FPGA_LLM/llama2.c/build/smollm"",""replay"",""--mode"",""traces"",""--trace"",""/home/rmj/FPGA_LLM/llama2.c/traces/numerical/fp32_fp32.smtrace"",""--other"",""/home/rmj/FPGA_LLM/llama2.c/traces/numerical/fp32_kv8.smtrace""]",29,0,traces,114,0,rope.sincos,1,0,114,7296
d444685ef3228ef0f01eee77644159391f164fdf83c26382b42ed6e2b3825ef2,f05906efefe2cee8cd8652a83b7c795128abef00ec21aec6ad7dfa318a7304e9,f8ff21c5c4dba06240aaf4b2921d4065a02d86df0bdce294224040d61767ad9f,replay,fp32_kv8,True,4e9f6c50354337c415bb8c37e3ed23736ee0af40,"[""/home/rmj/FPGA_LLM/llama2.c/build/smollm"",""replay"",""--mode"",""traces"",""--trace"",""/home/rmj/FPGA_LLM/llama2.c/traces/numerical/fp32_fp32.smtrace"",""--other"",""/home/rmj/FPGA_LLM/llama2.c/traces/numerical/fp32_kv8.smtrace""]",29,0.0965592861176,traces,57,0.0135676967817,q_rope,1,0,57,32832
d444685ef3228ef0f01eee77644159391f164fdf83c26382b42ed6e2b3825ef2,f05906efefe2cee8cd8652a83b7c795128abef00ec21aec6ad7dfa318a7304e9,f8ff21c5c4dba06240aaf4b2921d4065a02d86df0bdce294224040d61767ad9f,replay,fp32_kv8,True,4e9f6c50354337c415bb8c37e3ed23736ee0af40,"[""/home/rmj/FPGA_LLM/llama2.c/build/smollm"",""replay"",""--mode"",""traces"",""--trace"",""/home/rmj/FPGA_LLM/llama2.c/traces/numerical/fp32_fp32.smtrace"",""--other"",""/home/rmj/FPGA_LLM/llama2.c/traces/numerical/fp32_kv8.smtrace""]",29,0.0627788305283,traces,57,0.0117395057436,k_rope,1,0,57,10944
d444685ef3228ef0f01eee77644159391f164fdf83c26382b42ed6e2b3825ef2,f05906efefe2cee8cd8652a83b7c795128abef00ec21aec6ad7dfa318a7304e9,f8ff21c5c4dba06240aaf4b2921d4065a02d86df0bdce294224040d61767ad9f,replay,fp32_kv8,True,4e9f6c50354337c415bb8c37e3ed23736ee0af40,"[""/home/rmj/FPGA_LLM/llama2.c/build/smollm"",""replay"",""--mode"",""traces"",""--trace"",""/home/rmj/FPGA_LLM/llama2.c/traces/numerical/fp32_fp32.smtrace"",""--other"",""/home/rmj/FPGA_LLM/llama2.c/traces/numerical/fp32_kv8.smtrace""]",29,0.145557641983,traces,57,0.024600774784,v,1,2,57,10944
d444685ef3228ef0f01eee77644159391f164fdf83c26382b42ed6e2b3825ef2,f05906efefe2cee8cd8652a83b7c795128abef00ec21aec6ad7dfa318a7304e9,f8ff21c5c4dba06240aaf4b2921d4065a02d86df0bdce294224040d61767ad9f,replay,fp32_kv8,True,4e9f6c50354337c415bb8c37e3ed23736ee0af40,"[""/home/rmj/FPGA_LLM/llama2.c/build/smollm"",""replay"",""--mode"",""traces"",""--trace"",""/home/rmj/FPGA_LLM/llama2.c/traces/numerical/fp32_fp32.smtrace"",""--other"",""/home/rmj/FPGA_LLM/llama2.c/traces/numerical/fp32_kv8.smtrace""]",29,0.156544685364,traces,513,0.00600376779831,softmax.exp,1,7,504,14877
d444685ef3228ef0f01eee77644159391f164fdf83c26382b42ed6e2b3825ef2,f05906efefe2cee8cd8652a83b7c795128abef00ec21aec6ad7dfa318a7304e9,f8ff21c5c4dba06240aaf4b2921d4065a02d86df0bdce294224040d61767ad9f,replay,fp32_kv8,True,4e9f6c50354337c415bb8c37e3ed23736ee0af40,"[""/home/rmj/FPGA_LLM/llama2.c/build/smollm"",""replay"",""--mode"",""traces"",""--trace"",""/home/rmj/FPGA_LLM/llama2.c/traces/numerical/fp32_fp32.smtrace"",""--other"",""/home/rmj/FPGA_LLM/llama2.c/traces/numerical/fp32_kv8.smtrace""]",29,0.0325659513474,traces,513,0.00777310154254,softmax.reciprocal,1,0,0,513
d444685ef3228ef0f01eee77644159391f164fdf83c26382b42ed6e2b3825ef2,f05906efefe2cee8cd8652a83b7c795128abef00ec21aec6ad7dfa318a7304e9,f8ff21c5c4dba06240aaf4b2921d4065a02d86df0bdce294224040d61767ad9f,replay,fp32_kv8,True,4e9f6c50354337c415bb8c37e3ed23736ee0af40,"[""/home/rmj/FPGA_LLM/llama2.c/build/smollm"",""replay"",""--mode"",""traces"",""--trace"",""/home/rmj/FPGA_LLM/llama2.c/traces/numerical/fp32_fp32.smtrace"",""--other"",""/home/rmj/FPGA_LLM/llama2.c/traces/numerical/fp32_kv8.smtrace""]",29,0.0325659513474,traces,513,0.00146145079051,attention.probabilities,1,7,513,29241
d444685ef3228ef0f01eee77644159391f164fdf83c26382b42ed6e2b3825ef2,f05906efefe2cee8cd8652a83b7c795128abef00ec21aec6ad7dfa318a7304e9,f8ff21c5c4dba06240aaf4b2921d4065a02d86df0bdce294224040d61767ad9f,replay,fp32_kv8,True,4e9f6c50354337c415bb8c37e3ed23736ee0af40,"[""/home/rmj/FPGA_LLM/llama2.c/build/smollm"",""replay"",""--mode"",""traces"",""--trace"",""/home/rmj/FPGA_LLM/llama2.c/traces/numerical/fp32_fp32.smtrace"",""--other"",""/home/rmj/FPGA_LLM/llama2.c/traces/numerical/fp32_kv8.smtrace""]",29,0.102861113846,traces,57,0.0144835430533,attention,1,0,57,32832
d444685ef3228ef0f01eee77644159391f164fdf83c26382b42ed6e2b3825ef2,f05906efefe2cee8cd8652a83b7c795128abef00ec21aec6ad7dfa318a7304e9,f8ff21c5c4dba06240aaf4b2921d4065a02d86df0bdce294224040d61767ad9f,replay,fp32_kv8,True,4e9f6c50354337c415bb8c37e3ed23736ee0af40,"[""/home/rmj/FPGA_LLM/llama2.c/build/smollm"",""replay"",""--mode"",""traces"",""--trace"",""/home/rmj/FPGA_LLM/llama2.c/traces/numerical/fp32_fp32.smtrace"",""--other"",""/home/rmj/FPGA_LLM/llama2.c/traces/numerical/fp32_kv8.smtrace""]",29,0.806516647339,traces,57,0.0859646839623,model.layers.29.self_attn.o_proj.weight,1,0,57,32832
d444685ef3228ef0f01eee77644159391f164fdf83c26382b42ed6e2b3825ef2,f05906efefe2cee8cd8652a83b7c795128abef00ec21aec6ad7dfa318a7304e9,f8ff21c5c4dba06240aaf4b2921d4065a02d86df0bdce294224040d61767ad9f,replay,fp32_kv8,True,4e9f6c50354337c415bb8c37e3ed23736ee0af40,"[""/home/rmj/FPGA_LLM/llama2.c/build/smollm"",""replay"",""--mode"",""traces"",""--trace"",""/home/rmj/FPGA_LLM/llama2.c/traces/numerical/fp32_fp32.smtrace"",""--other"",""/home/rmj/FPGA_LLM/llama2.c/traces/numerical/fp32_kv8.smtrace""]",29,8.56811523438,traces,57,0.345153397632,attn_residual,1,0,57,32832
d444685ef3228ef0f01eee77644159391f164fdf83c26382b42ed6e2b3825ef2,f05906efefe2cee8cd8652a83b7c795128abef00ec21aec6ad7dfa318a7304e9,f8ff21c5c4dba06240aaf4b2921d4065a02d86df0bdce294224040d61767ad9f,replay,fp32_kv8,True,4e9f6c50354337c415bb8c37e3ed23736ee0af40,"[""/home/rmj/FPGA_LLM/llama2.c/build/smollm"",""replay"",""--mode"",""traces"",""--trace"",""/home/rmj/FPGA_LLM/llama2.c/traces/numerical/fp32_fp32.smtrace"",""--other"",""/home/rmj/FPGA_LLM/llama2.c/traces/numerical/fp32_kv8.smtrace""]",29,0.05930352211,traces,57,0.00371722229207,ffn_norm,1,0,57,32832
d444685ef3228ef0f01eee77644159391f164fdf83c26382b42ed6e2b3825ef2,f05906efefe2cee8cd8652a83b7c795128abef00ec21aec6ad7dfa318a7304e9,f8ff21c5c4dba06240aaf4b2921d4065a02d86df0bdce294224040d61767ad9f,replay,fp32_kv8,True,4e9f6c50354337c415bb8c37e3ed23736ee0af40,"[""/home/rmj/FPGA_LLM/llama2.c/build/smollm"",""replay"",""--mode"",""traces"",""--trace"",""/home/rmj/FPGA_LLM/llama2.c/traces/numerical/fp32_fp32.smtrace"",""--other"",""/home/rmj/FPGA_LLM/llama2.c/traces/numerical/fp32_kv8.smtrace""]",29,0.146299362183,traces,57,0.0141692911399,model.layers.29.mlp.gate_proj.weight,1,0,57,87552
d444685ef3228ef0f01eee77644159391f164fdf83c26382b42ed6e2b3825ef2,f05906efefe2cee8cd8652a83b7c795128abef00ec21aec6ad7dfa318a7304e9,f8ff21c5c4dba06240aaf4b2921d4065a02d86df0bdce294224040d61767ad9f,replay,fp32_kv8,True,4e9f6c50354337c415bb8c37e3ed23736ee0af40,"[""/home/rmj/FPGA_LLM/llama2.c/build/smollm"",""replay"",""--mode"",""traces"",""--trace"",""/home/rmj/FPGA_LLM/llama2.c/traces/numerical/fp32_fp32.smtrace"",""--other"",""/home/rmj/FPGA_LLM/llama2.c/traces/numerical/fp32_kv8.smtrace""]",29,0.141948699951,traces,57,0.0172717811561,model.layers.29.mlp.up_proj.weight,1,0,57,87552
d444685ef3228ef0f01eee77644159391f164fdf83c26382b42ed6e2b3825ef2,f05906efefe2cee8cd8652a83b7c795128abef00ec21aec6ad7dfa318a7304e9,f8ff21c5c4dba06240aaf4b2921d4065a02d86df0bdce294224040d61767ad9f,replay,fp32_kv8,True,4e9f6c50354337c415bb8c37e3ed23736ee0af40,"[""/home/rmj/FPGA_LLM/llama2.c/build/smollm"",""replay"",""--mode"",""traces"",""--trace"",""/home/rmj/FPGA_LLM/llama2.c/traces/numerical/fp32_fp32.smtrace"",""--other"",""/home/rmj/FPGA_LLM/llama2.c/traces/numerical/fp32_kv8.smtrace""]",29,575.225585938,traces,57,3.5928113854,silu.exp,1,0,57,87552
d444685ef3228ef0f01eee77644159391f164fdf83c26382b42ed6e2b3825ef2,f05906efefe2cee8cd8652a83b7c795128abef00ec21aec6ad7dfa318a7304e9,f8ff21c5c4dba06240aaf4b2921d4065a02d86df0bdce294224040d61767ad9f,replay,fp32_kv8,True,4e9f6c50354337c415bb8c37e3ed23736ee0af40,"[""/home/rmj/FPGA_LLM/llama2.c/build/smollm"",""replay"",""--mode"",""traces"",""--trace"",""/home/rmj/FPGA_LLM/llama2.c/traces/numerical/fp32_fp32.smtrace"",""--other"",""/home/rmj/FPGA_LLM/llama2.c/traces/numerical/fp32_kv8.smtrace""]",29,0.0230662822723,traces,57,0.00273695984475,silu.reciprocal,1,2,57,87552
d444685ef3228ef0f01eee77644159391f164fdf83c26382b42ed6e2b3825ef2,f05906efefe2cee8cd8652a83b7c795128abef00ec21aec6ad7dfa318a7304e9,f8ff21c5c4dba06240aaf4b2921d4065a02d86df0bdce294224040d61767ad9f,replay,fp32_kv8,True,4e9f6c50354337c415bb8c37e3ed23736ee0af40,"[""/home/rmj/FPGA_LLM/llama2.c/build/smollm"",""replay"",""--mode"",""traces"",""--trace"",""/home/rmj/FPGA_LLM/llama2.c/traces/numerical/fp32_fp32.smtrace"",""--other"",""/home/rmj/FPGA_LLM/llama2.c/traces/numerical/fp32_kv8.smtrace""]",29,0.146343231201,traces,57,0.00927748515168,gate_silu,1,0,57,87552
d444685ef3228ef0f01eee77644159391f164fdf83c26382b42ed6e2b3825ef2,f05906efefe2cee8cd8652a83b7c795128abef00ec21aec6ad7dfa318a7304e9,f8ff21c5c4dba06240aaf4b2921d4065a02d86df0bdce294224040d61767ad9f,replay,fp32_kv8,True,4e9f6c50354337c415bb8c37e3ed23736ee0af40,"[""/home/rmj/FPGA_LLM/llama2.c/build/smollm"",""replay"",""--mode"",""traces"",""--trace"",""/home/rmj/FPGA_LLM/llama2.c/traces/numerical/fp32_fp32.smtrace"",""--other"",""/home/rmj/FPGA_LLM/llama2.c/traces/numerical/fp32_kv8.smtrace""]",29,7.62646484375,traces,57,0.300438752544,model.layers.29.mlp.down_proj.weight,1,1,57,32832
d444685ef3228ef0f01eee77644159391f164fdf83c26382b42ed6e2b3825ef2,f05906efefe2cee8cd8652a83b7c795128abef00ec21aec6ad7dfa318a7304e9,f8ff21c5c4dba06240aaf4b2921d4065a02d86df0bdce294224040d61767ad9f,replay,fp32_kv8,True,4e9f6c50354337c415bb8c37e3ed23736ee0af40,"[""/home/rmj/FPGA_LLM/llama2.c/build/smollm"",""replay"",""--mode"",""traces"",""--trace"",""/home/rmj/FPGA_LLM/llama2.c/traces/numerical/fp32_fp32.smtrace"",""--other"",""/home/rmj/FPGA_LLM/llama2.c/traces/numerical/fp32_kv8.smtrace""]",29,5.40145874023,traces,57,0.452360072656,ffn_residual,1,0,57,32832
d444685ef3228ef0f01eee77644159391f164fdf83c26382b42ed6e2b3825ef2,f05906efefe2cee8cd8652a83b7c795128abef00ec21aec6ad7dfa318a7304e9,f8ff21c5c4dba06240aaf4b2921d4065a02d86df0bdce294224040d61767ad9f,replay,fp32_kv8,True,4e9f6c50354337c415bb8c37e3ed23736ee0af40,"[""/home/rmj/FPGA_LLM/llama2.c/build/smollm"",""replay"",""--mode"",""traces"",""--trace"",""/home/rmj/FPGA_LLM/llama2.c/traces/numerical/fp32_fp32.smtrace"",""--other"",""/home/rmj/FPGA_LLM/llama2.c/traces/numerical/fp32_kv8.smtrace""]",-1,0.000218223780394,traces,57,8.42252942511e-05,rms.rsqrt,1,0,0,57
d444685ef3228ef0f01eee77644159391f164fdf83c26382b42ed6e2b3825ef2,f05906efefe2cee8cd8652a83b7c795128abef00ec21aec6ad7dfa318a7304e9,f8ff21c5c4dba06240aaf4b2921d4065a02d86df0bdce294224040d61767ad9f,replay,fp32_kv8,True,4e9f6c50354337c415bb8c37e3ed23736ee0af40,"[""/home/rmj/FPGA_LLM/llama2.c/build/smollm"",""replay"",""--mode"",""traces"",""--trace"",""/home/rmj/FPGA_LLM/llama2.c/traces/numerical/fp32_fp32.smtrace"",""--other"",""/home/rmj/FPGA_LLM/llama2.c/traces/numerical/fp32_kv8.smtrace""]",-1,0.459584712982,traces,57,0.0249183698002,final_norm,1,3,57,32832
d444685ef3228ef0f01eee77644159391f164fdf83c26382b42ed6e2b3825ef2,f05906efefe2cee8cd8652a83b7c795128abef00ec21aec6ad7dfa318a7304e9,f8ff21c5c4dba06240aaf4b2921d4065a02d86df0bdce294224040d61767ad9f,replay,fp32_kv8,True,4e9f6c50354337c415bb8c37e3ed23736ee0af40,"[""/home/rmj/FPGA_LLM/llama2.c/build/smollm"",""replay"",""--mode"",""traces"",""--trace"",""/home/rmj/FPGA_LLM/llama2.c/traces/numerical/fp32_fp32.smtrace"",""--other"",""/home/rmj/FPGA_LLM/llama2.c/traces/numerical/fp32_kv8.smtrace""]",-1,0.440651893616,traces,57,0.0953455115068,model.embed_tokens.weight,1,1,57,2801664
d444685ef3228ef0f01eee77644159391f164fdf83c26382b42ed6e2b3825ef2,f05906efefe2cee8cd8652a83b7c795128abef00ec21aec6ad7dfa318a7304e9,f8ff21c5c4dba06240aaf4b2921d4065a02d86df0bdce294224040d61767ad9f,replay,fp32_kv8,True,4e9f6c50354337c415bb8c37e3ed23736ee0af40,"[""/home/rmj/FPGA_LLM/llama2.c/build/smollm"",""replay"",""--mode"",""traces"",""--trace"",""/home/rmj/FPGA_LLM/llama2.c/traces/numerical/fp32_fp32.smtrace"",""--other"",""/home/rmj/FPGA_LLM/llama2.c/traces/numerical/fp32_kv8.smtrace""]",-1,0.440651893616,traces,57,0.0953455115068,logits,1,1,57,2801664
d444685ef3228ef0f01eee77644159391f164fdf83c26382b42ed6e2b3825ef2,f05906efefe2cee8cd8652a83b7c795128abef00ec21aec6ad7dfa318a7304e9,fa8529960b8e0f8902f470da032b3f31102ce010c90b0ebcdabea6afee1aa2e1,replay,w8a8_kv8,True,4e9f6c50354337c415bb8c37e3ed23736ee0af40,"[""/home/rmj/FPGA_LLM/llama2.c/build/smollm"",""replay"",""--mode"",""traces"",""--trace"",""/home/rmj/FPGA_LLM/llama2.c/traces/numerical/fp32_fp32.smtrace"",""--other"",""/home/rmj/FPGA_LLM/llama2.c/traces/numerical/w8a8_kv8.smtrace""]",-1,0.00311904028058,traces,57,0.000795755879572,embedding,1,0,57,32832
d444685ef3228ef0f01eee77644159391f164fdf83c26382b42ed6e2b3825ef2,f05906efefe2cee8cd8652a83b7c795128abef00ec21aec6ad7dfa318a7304e9,fa8529960b8e0f8902f470da032b3f31102ce010c90b0ebcdabea6afee1aa2e1,replay,w8a8_kv8,True,4e9f6c50354337c415bb8c37e3ed23736ee0af40,"[""/home/rmj/FPGA_LLM/llama2.c/build/smollm"",""replay"",""--mode"",""traces"",""--trace"",""/home/rmj/FPGA_LLM/llama2.c/traces/numerical/fp32_fp32.smtrace"",""--other"",""/home/rmj/FPGA_LLM/llama2.c/traces/numerical/w8a8_kv8.smtrace""]",0,0.0437269210815,traces,114,0.00962918100608,rms.rsqrt,1,0,0,114
d444685ef3228ef0f01eee77644159391f164fdf83c26382b42ed6e2b3825ef2,f05906efefe2cee8cd8652a83b7c795128abef00ec21aec6ad7dfa318a7304e9,fa8529960b8e0f8902f470da032b3f31102ce010c90b0ebcdabea6afee1aa2e1,replay,w8a8_kv8,True,4e9f6c50354337c415bb8c37e3ed23736ee0af40,"[""/home/rmj/FPGA_LLM/llama2.c/build/smollm"",""replay"",""--mode"",""traces"",""--trace"",""/home/rmj/FPGA_LLM/llama2.c/traces/numerical/fp32_fp32.smtrace"",""--other"",""/home/rmj/FPGA_LLM/llama2.c/traces/numerical/w8a8_kv8.smtrace""]",0,0.00505328178406,traces,57,0.000282275304308,attn_norm,1,1,57,32832
d444685ef3228ef0f01eee77644159391f164fdf83c26382b42ed6e2b3825ef2,f05906efefe2cee8cd8652a83b7c795128abef00ec21aec6ad7dfa318a7304e9,fa8529960b8e0f8902f470da032b3f31102ce010c90b0ebcdabea6afee1aa2e1,replay,w8a8_kv8,True,4e9f6c50354337c415bb8c37e3ed23736ee0af40,"[""/home/rmj/FPGA_LLM/llama2.c/build/smollm"",""replay"",""--mode"",""traces"",""--trace"",""/home/rmj/FPGA_LLM/llama2.c/traces/numerical/fp32_fp32.smtrace"",""--other"",""/home/rmj/FPGA_LLM/llama2.c/traces/numerical/w8a8_kv8.smtrace""]",0,0.0695152282715,traces,57,0.00585558049535,model.layers.0.self_attn.q_proj.weight,1,0,57,32832
d444685ef3228ef0f01eee77644159391f164fdf83c26382b42ed6e2b3825ef2,f05906efefe2cee8cd8652a83b7c795128abef00ec21aec6ad7dfa318a7304e9,fa8529960b8e0f8902f470da032b3f31102ce010c90b0ebcdabea6afee1aa2e1,replay,w8a8_kv8,True,4e9f6c50354337c415bb8c37e3ed23736ee0af40,"[""/home/rmj/FPGA_LLM/llama2.c/build/smollm"",""replay"",""--mode"",""traces"",""--trace"",""/home/rmj/FPGA_LLM/llama2.c/traces/numerical/fp32_fp32.smtrace"",""--other"",""/home/rmj/FPGA_LLM/llama2.c/traces/numerical/w8a8_kv8.smtrace""]",0,0.0940237045288,traces,57,0.00814547185625,model.layers.0.self_attn.k_proj.weight,1,0,57,10944
d444685ef3228ef0f01eee77644159391f164fdf83c26382b42ed6e2b3825ef2,f05906efefe2cee8cd8652a83b7c795128abef00ec21aec6ad7dfa318a7304e9,fa8529960b8e0f8902f470da032b3f31102ce010c90b0ebcdabea6afee1aa2e1,replay,w8a8_kv8,True,4e9f6c50354337c415bb8c37e3ed23736ee0af40,"[""/home/rmj/FPGA_LLM/llama2.c/build/smollm"",""replay"",""--mode"",""traces"",""--trace"",""/home/rmj/FPGA_LLM/llama2.c/traces/numerical/fp32_fp32.smtrace"",""--other"",""/home/rmj/FPGA_LLM/llama2.c/traces/numerical/w8a8_kv8.smtrace""]",0,0.00443807803094,traces,57,0.000890167882231,model.layers.0.self_attn.v_proj.weight,1,1,57,10944
d444685ef3228ef0f01eee77644159391f164fdf83c26382b42ed6e2b3825ef2,f05906efefe2cee8cd8652a83b7c795128abef00ec21aec6ad7dfa318a7304e9,fa8529960b8e0f8902f470da032b3f31102ce010c90b0ebcdabea6afee1aa2e1,replay,w8a8_kv8,True,4e9f6c50354337c415bb8c37e3ed23736ee0af40,"[""/home/rmj/FPGA_LLM/llama2.c/build/smollm"",""replay"",""--mode"",""traces"",""--trace"",""/home/rmj/FPGA_LLM/llama2.c/traces/numerical/fp32_fp32.smtrace"",""--other"",""/home/rmj/FPGA_LLM/llama2.c/traces/numerical/w8a8_kv8.smtrace""]",0,0,traces,114,0,rope.sincos,1,0,114,7296
d444685ef3228ef0f01eee77644159391f164fdf83c26382b42ed6e2b3825ef2,f05906efefe2cee8cd8652a83b7c795128abef00ec21aec6ad7dfa318a7304e9,fa8529960b8e0f8902f470da032b3f31102ce010c90b0ebcdabea6afee1aa2e1,replay,w8a8_kv8,True,4e9f6c50354337c415bb8c37e3ed23736ee0af40,"[""/home/rmj/FPGA_LLM/llama2.c/build/smollm"",""replay"",""--mode"",""traces"",""--trace"",""/home/rmj/FPGA_LLM/llama2.c/traces/numerical/fp32_fp32.smtrace"",""--other"",""/home/rmj/FPGA_LLM/llama2.c/traces/numerical/w8a8_kv8.smtrace""]",0,0.0695152282715,traces,57,0.00585558043925,q_rope,1,0,57,32832
d444685ef3228ef0f01eee77644159391f164fdf83c26382b42ed6e2b3825ef2,f05906efefe2cee8cd8652a83b7c795128abef00ec21aec6ad7dfa318a7304e9,fa8529960b8e0f8902f470da032b3f31102ce010c90b0ebcdabea6afee1aa2e1,replay,w8a8_kv8,True,4e9f6c50354337c415bb8c37e3ed23736ee0af40,"[""/home/rmj/FPGA_LLM/llama2.c/build/smollm"",""replay"",""--mode"",""traces"",""--trace"",""/home/rmj/FPGA_LLM/llama2.c/traces/numerical/fp32_fp32.smtrace"",""--other"",""/home/rmj/FPGA_LLM/llama2.c/traces/numerical/w8a8_kv8.smtrace""]",0,0.0940237045288,traces,57,0.00814547235633,k_rope,1,0,57,10944
d444685ef3228ef0f01eee77644159391f164fdf83c26382b42ed6e2b3825ef2,f05906efefe2cee8cd8652a83b7c795128abef00ec21aec6ad7dfa318a7304e9,fa8529960b8e0f8902f470da032b3f31102ce010c90b0ebcdabea6afee1aa2e1,replay,w8a8_kv8,True,4e9f6c50354337c415bb8c37e3ed23736ee0af40,"[""/home/rmj/FPGA_LLM/llama2.c/build/smollm"",""replay"",""--mode"",""traces"",""--trace"",""/home/rmj/FPGA_LLM/llama2.c/traces/numerical/fp32_fp32.smtrace"",""--other"",""/home/rmj/FPGA_LLM/llama2.c/traces/numerical/w8a8_kv8.smtrace""]",0,0.00443807803094,traces,57,0.000890167882231,v,1,1,57,10944
d444685ef3228ef0f01eee77644159391f164fdf83c26382b42ed6e2b3825ef2,f05906efefe2cee8cd8652a83b7c795128abef00ec21aec6ad7dfa318a7304e9,fa8529960b8e0f8902f470da032b3f31102ce010c90b0ebcdabea6afee1aa2e1,replay,w8a8_kv8,True,4e9f6c50354337c415bb8c37e3ed23736ee0af40,"[""/home/rmj/FPGA_LLM/llama2.c/build/smollm"",""replay"",""--mode"",""traces"",""--trace"",""/home/rmj/FPGA_LLM/llama2.c/traces/numerical/fp32_fp32.smtrace"",""--other"",""/home/rmj/FPGA_LLM/llama2.c/traces/numerical/w8a8_kv8.smtrace""]",0,0.0865517258644,traces,513,0.00743609326774,softmax.exp,1,14,504,14877
d444685ef3228ef0f01eee77644159391f164fdf83c26382b42ed6e2b3825ef2,f05906efefe2cee8cd8652a83b7c795128abef00ec21aec6ad7dfa318a7304e9,fa8529960b8e0f8902f470da032b3f31102ce010c90b0ebcdabea6afee1aa2e1,replay,w8a8_kv8,True,4e9f6c50354337c415bb8c37e3ed23736ee0af40,"[""/home/rmj/FPGA_LLM/llama2.c/build/smollm"",""replay"",""--mode"",""traces"",""--trace"",""/home/rmj/FPGA_LLM/llama2.c/traces/numerical/fp32_fp32.smtrace"",""--other"",""/home/rmj/FPGA_LLM/llama2.c/traces/numerical/w8a8_kv8.smtrace""]",0,0.0236777365208,traces,513,0.00383644371933,softmax.reciprocal,1,0,0,513
d444685ef3228ef0f01eee77644159391f164fdf83c26382b42ed6e2b3825ef2,f05906efefe2cee8cd8652a83b7c795128abef00ec21aec6ad7dfa318a7304e9,fa8529960b8e0f8902f470da032b3f31102ce010c90b0ebcdabea6afee1aa2e1,replay,w8a8_kv8,True,4e9f6c50354337c415bb8c37e3ed23736ee0af40,"[""/home/rmj/FPGA_LLM/llama2.c/build/smollm"",""replay"",""--mode"",""traces"",""--trace"",""/home/rmj/FPGA_LLM/llama2.c/traces/numerical/fp32_fp32.smtrace"",""--other"",""/home/rmj/FPGA_LLM/llama2.c/traces/numerical/w8a8_kv8.smtrace""]",0,0.0236777365208,traces,513,0.000773409921645,attention.probabilities,1,14,513,29241
d444685ef3228ef0f01eee77644159391f164fdf83c26382b42ed6e2b3825ef2,f05906efefe2cee8cd8652a83b7c795128abef00ec21aec6ad7dfa318a7304e9,fa8529960b8e0f8902f470da032b3f31102ce010c90b0ebcdabea6afee1aa2e1,replay,w8a8_kv8,True,4e9f6c50354337c415bb8c37e3ed23736ee0af40,"[""/home/rmj/FPGA_LLM/llama2.c/build/smollm"",""replay"",""--mode"",""traces"",""--trace"",""/home/rmj/FPGA_LLM/llama2.c/traces/numerical/fp32_fp32.smtrace"",""--other"",""/home/rmj/FPGA_LLM/llama2.c/traces/numerical/w8a8_kv8.smtrace""]",0,0.0088897049427,traces,57,0.000537025423611,attention,1,0,57,32832
d444685ef3228ef0f01eee77644159391f164fdf83c26382b42ed6e2b3825ef2,f05906efefe2cee8cd8652a83b7c795128abef00ec21aec6ad7dfa318a7304e9,fa8529960b8e0f8902f470da032b3f31102ce010c90b0ebcdabea6afee1aa2e1,replay,w8a8_kv8,True,4e9f6c50354337c415bb8c37e3ed23736ee0af40,"[""/home/rmj/FPGA_LLM/llama2.c/build/smollm"",""replay"",""--mode"",""traces"",""--trace"",""/home/rmj/FPGA_LLM/llama2.c/traces/numerical/fp32_fp32.smtrace"",""--other"",""/home/rmj/FPGA_LLM/llama2.c/traces/numerical/w8a8_kv8.smtrace""]",0,0.0176510810852,traces,57,0.00097876026929,model.layers.0.self_attn.o_proj.weight,1,0,57,32832
d444685ef3228ef0f01eee77644159391f164fdf83c26382b42ed6e2b3825ef2,f05906efefe2cee8cd8652a83b7c795128abef00ec21aec6ad7dfa318a7304e9,fa8529960b8e0f8902f470da032b3f31102ce010c90b0ebcdabea6afee1aa2e1,replay,w8a8_kv8,True,4e9f6c50354337c415bb8c37e3ed23736ee0af40,"[""/home/rmj/FPGA_LLM/llama2.c/build/smollm"",""replay"",""--mode"",""traces"",""--trace"",""/home/rmj/FPGA_LLM/llama2.c/traces/numerical/fp32_fp32.smtrace"",""--other"",""/home/rmj/FPGA_LLM/llama2.c/traces/numerical/w8a8_kv8.smtrace""]",0,0.0178587436676,traces,57,0.00126134024677,attn_residual,1,1,57,32832
d444685ef3228ef0f01eee77644159391f164fdf83c26382b42ed6e2b3825ef2,f05906efefe2cee8cd8652a83b7c795128abef00ec21aec6ad7dfa318a7304e9,fa8529960b8e0f8902f470da032b3f31102ce010c90b0ebcdabea6afee1aa2e1,replay,w8a8_kv8,True,4e9f6c50354337c415bb8c37e3ed23736ee0af40,"[""/home/rmj/FPGA_LLM/llama2.c/build/smollm"",""replay"",""--mode"",""traces"",""--trace"",""/home/rmj/FPGA_LLM/llama2.c/traces/numerical/fp32_fp32.smtrace"",""--other"",""/home/rmj/FPGA_LLM/llama2.c/traces/numerical/w8a8_kv8.smtrace""]",0,0.0121927140281,traces,57,0.00102041222732,ffn_norm,1,0,57,32832
d444685ef3228ef0f01eee77644159391f164fdf83c26382b42ed6e2b3825ef2,f05906efefe2cee8cd8652a83b7c795128abef00ec21aec6ad7dfa318a7304e9,fa8529960b8e0f8902f470da032b3f31102ce010c90b0ebcdabea6afee1aa2e1,replay,w8a8_kv8,True,4e9f6c50354337c415bb8c37e3ed23736ee0af40,"[""/home/rmj/FPGA_LLM/llama2.c/build/smollm"",""replay"",""--mode"",""traces"",""--trace"",""/home/rmj/FPGA_LLM/llama2.c/traces/numerical/fp32_fp32.smtrace"",""--other"",""/home/rmj/FPGA_LLM/llama2.c/traces/numerical/w8a8_kv8.smtrace""]",0,0.12170124054,traces,57,0.00714336207231,model.layers.0.mlp.gate_proj.weight,1,2,57,87552
d444685ef3228ef0f01eee77644159391f164fdf83c26382b42ed6e2b3825ef2,f05906efefe2cee8cd8652a83b7c795128abef00ec21aec6ad7dfa318a7304e9,fa8529960b8e0f8902f470da032b3f31102ce010c90b0ebcdabea6afee1aa2e1,replay,w8a8_kv8,True,4e9f6c50354337c415bb8c37e3ed23736ee0af40,"[""/home/rmj/FPGA_LLM/llama2.c/build/smollm"",""replay"",""--mode"",""traces"",""--trace"",""/home/rmj/FPGA_LLM/llama2.c/traces/numerical/fp32_fp32.smtrace"",""--other"",""/home/rmj/FPGA_LLM/llama2.c/traces/numerical/w8a8_kv8.smtrace""]",0,0.0531615614891,traces,57,0.00683752481762,model.layers.0.mlp.up_proj.weight,1,1,57,87552
d444685ef3228ef0f01eee77644159391f164fdf83c26382b42ed6e2b3825ef2,f05906efefe2cee8cd8652a83b7c795128abef00ec21aec6ad7dfa318a7304e9,fa8529960b8e0f8902f470da032b3f31102ce010c90b0ebcdabea6afee1aa2e1,replay,w8a8_kv8,True,4e9f6c50354337c415bb8c37e3ed23736ee0af40,"[""/home/rmj/FPGA_LLM/llama2.c/build/smollm"",""replay"",""--mode"",""traces"",""--trace"",""/home/rmj/FPGA_LLM/llama2.c/traces/numerical/fp32_fp32.smtrace"",""--other"",""/home/rmj/FPGA_LLM/llama2.c/traces/numerical/w8a8_kv8.smtrace""]",0,11.6493453979,traces,57,0.0540748473019,silu.exp,1,1,57,87552
d444685ef3228ef0f01eee77644159391f164fdf83c26382b42ed6e2b3825ef2,f05906efefe2cee8cd8652a83b7c795128abef00ec21aec6ad7dfa318a7304e9,fa8529960b8e0f8902f470da032b3f31102ce010c90b0ebcdabea6afee1aa2e1,replay,w8a8_kv8,True,4e9f6c50354337c415bb8c37e3ed23736ee0af40,"[""/home/rmj/FPGA_LLM/llama2.c/build/smollm"",""replay"",""--mode"",""traces"",""--trace"",""/home/rmj/FPGA_LLM/llama2.c/traces/numerical/fp32_fp32.smtrace"",""--other"",""/home/rmj/FPGA_LLM/llama2.c/traces/numerical/w8a8_kv8.smtrace""]",0,0.0166367292404,traces,57,0.00169322834715,silu.reciprocal,1,2,57,87552
d444685ef3228ef0f01eee77644159391f164fdf83c26382b42ed6e2b3825ef2,f05906efefe2cee8cd8652a83b7c795128abef00ec21aec6ad7dfa318a7304e9,fa8529960b8e0f8902f470da032b3f31102ce010c90b0ebcdabea6afee1aa2e1,replay,w8a8_kv8,True,4e9f6c50354337c415bb8c37e3ed23736ee0af40,"[""/home/rmj/FPGA_LLM/llama2.c/build/smollm"",""replay"",""--mode"",""traces"",""--trace"",""/home/rmj/FPGA_LLM/llama2.c/traces/numerical/fp32_fp32.smtrace"",""--other"",""/home/rmj/FPGA_LLM/llama2.c/traces/numerical/w8a8_kv8.smtrace""]",0,0.073806643486,traces,57,0.00410216199453,gate_silu,1,2,57,87552
d444685ef3228ef0f01eee77644159391f164fdf83c26382b42ed6e2b3825ef2,f05906efefe2cee8cd8652a83b7c795128abef00ec21aec6ad7dfa318a7304e9,fa8529960b8e0f8902f470da032b3f31102ce010c90b0ebcdabea6afee1aa2e1,replay,w8a8_kv8,True,4e9f6c50354337c415bb8c37e3ed23736ee0af40,"[""/home/rmj/FPGA_LLM/llama2.c/build/smollm"",""replay"",""--mode"",""traces"",""--trace"",""/home/rmj/FPGA_LLM/llama2.c/traces/numerical/fp32_fp32.smtrace"",""--other"",""/home/rmj/FPGA_LLM/llama2.c/traces/numerical/w8a8_kv8.smtrace""]",0,0.343629837036,traces,57,0.027351038793,model.layers.0.mlp.down_proj.weight,1,1,57,32832
d444685ef3228ef0f01eee77644159391f164fdf83c26382b42ed6e2b3825ef2,f05906efefe2cee8cd8652a83b7c795128abef00ec21aec6ad7dfa318a7304e9,fa8529960b8e0f8902f470da032b3f31102ce010c90b0ebcdabea6afee1aa2e1,replay,w8a8_kv8,True,4e9f6c50354337c415bb8c37e3ed23736ee0af40,"[""/home/rmj/FPGA_LLM/llama2.c/build/smollm"",""replay"",""--mode"",""traces"",""--trace"",""/home/rmj/FPGA_LLM/llama2.c/traces/numerical/fp32_fp32.smtrace"",""--other"",""/home/rmj/FPGA_LLM/llama2.c/traces/numerical/w8a8_kv8.smtrace""]",0,0.340049743652,traces,57,0.0273720544736,ffn_residual,1,0,57,32832
d444685ef3228ef0f01eee77644159391f164fdf83c26382b42ed6e2b3825ef2,f05906efefe2cee8cd8652a83b7c795128abef00ec21aec6ad7dfa318a7304e9,fa8529960b8e0f8902f470da032b3f31102ce010c90b0ebcdabea6afee1aa2e1,replay,w8a8_kv8,True,4e9f6c50354337c415bb8c37e3ed23736ee0af40,"[""/home/rmj/FPGA_LLM/llama2.c/build/smollm"",""replay"",""--mode"",""traces"",""--trace"",""/home/rmj/FPGA_LLM/llama2.c/traces/numerical/fp32_fp32.smtrace"",""--other"",""/home/rmj/FPGA_LLM/llama2.c/traces/numerical/w8a8_kv8.smtrace""]",14,0.00257128477097,traces,114,0.00082079988318,rms.rsqrt,1,0,0,114
d444685ef3228ef0f01eee77644159391f164fdf83c26382b42ed6e2b3825ef2,f05906efefe2cee8cd8652a83b7c795128abef00ec21aec6ad7dfa318a7304e9,fa8529960b8e0f8902f470da032b3f31102ce010c90b0ebcdabea6afee1aa2e1,replay,w8a8_kv8,True,4e9f6c50354337c415bb8c37e3ed23736ee0af40,"[""/home/rmj/FPGA_LLM/llama2.c/build/smollm"",""replay"",""--mode"",""traces"",""--trace"",""/home/rmj/FPGA_LLM/llama2.c/traces/numerical/fp32_fp32.smtrace"",""--other"",""/home/rmj/FPGA_LLM/llama2.c/traces/numerical/w8a8_kv8.smtrace""]",14,0.137286186218,traces,57,0.00930029862105,attn_norm,1,0,57,32832
d444685ef3228ef0f01eee77644159391f164fdf83c26382b42ed6e2b3825ef2,f05906efefe2cee8cd8652a83b7c795128abef00ec21aec6ad7dfa318a7304e9,fa8529960b8e0f8902f470da032b3f31102ce010c90b0ebcdabea6afee1aa2e1,replay,w8a8_kv8,True,4e9f6c50354337c415bb8c37e3ed23736ee0af40,"[""/home/rmj/FPGA_LLM/llama2.c/build/smollm"",""replay"",""--mode"",""traces"",""--trace"",""/home/rmj/FPGA_LLM/llama2.c/traces/numerical/fp32_fp32.smtrace"",""--other"",""/home/rmj/FPGA_LLM/llama2.c/traces/numerical/w8a8_kv8.smtrace""]",14,0.421048879623,traces,57,0.0517693961454,model.layers.14.self_attn.q_proj.weight,1,0,57,32832
d444685ef3228ef0f01eee77644159391f164fdf83c26382b42ed6e2b3825ef2,f05906efefe2cee8cd8652a83b7c795128abef00ec21aec6ad7dfa318a7304e9,fa8529960b8e0f8902f470da032b3f31102ce010c90b0ebcdabea6afee1aa2e1,replay,w8a8_kv8,True,4e9f6c50354337c415bb8c37e3ed23736ee0af40,"[""/home/rmj/FPGA_LLM/llama2.c/build/smollm"",""replay"",""--mode"",""traces"",""--trace"",""/home/rmj/FPGA_LLM/llama2.c/traces/numerical/fp32_fp32.smtrace"",""--other"",""/home/rmj/FPGA_LLM/llama2.c/traces/numerical/w8a8_kv8.smtrace""]",14,0.280079603195,traces,57,0.0527522335781,model.layers.14.self_attn.k_proj.weight,1,2,57,10944
d444685ef3228ef0f01eee77644159391f164fdf83c26382b42ed6e2b3825ef2,f05906efefe2cee8cd8652a83b7c795128abef00ec21aec6ad7dfa318a7304e9,fa8529960b8e0f8902f470da032b3f31102ce010c90b0ebcdabea6afee1aa2e1,replay,w8a8_kv8,True,4e9f6c50354337c415bb8c37e3ed23736ee0af40,"[""/home/rmj/FPGA_LLM/llama2.c/build/smollm"",""replay"",""--mode"",""traces"",""--trace"",""/home/rmj/FPGA_LLM/llama2.c/traces/numerical/fp32_fp32.smtrace"",""--other"",""/home/rmj/FPGA_LLM/llama2.c/traces/numerical/w8a8_kv8.smtrace""]",14,0.252197623253,traces,57,0.0483975389208,model.layers.14.self_attn.v_proj.weight,1,6,57,10944
d444685ef3228ef0f01eee77644159391f164fdf83c26382b42ed6e2b3825ef2,f05906efefe2cee8cd8652a83b7c795128abef00ec21aec6ad7dfa318a7304e9,fa8529960b8e0f8902f470da032b3f31102ce010c90b0ebcdabea6afee1aa2e1,replay,w8a8_kv8,True,4e9f6c50354337c415bb8c37e3ed23736ee0af40,"[""/home/rmj/FPGA_LLM/llama2.c/build/smollm"",""replay"",""--mode"",""traces"",""--trace"",""/home/rmj/FPGA_LLM/llama2.c/traces/numerical/fp32_fp32.smtrace"",""--other"",""/home/rmj/FPGA_LLM/llama2.c/traces/numerical/w8a8_kv8.smtrace""]",14,0,traces,114,0,rope.sincos,1,0,114,7296
d444685ef3228ef0f01eee77644159391f164fdf83c26382b42ed6e2b3825ef2,f05906efefe2cee8cd8652a83b7c795128abef00ec21aec6ad7dfa318a7304e9,fa8529960b8e0f8902f470da032b3f31102ce010c90b0ebcdabea6afee1aa2e1,replay,w8a8_kv8,True,4e9f6c50354337c415bb8c37e3ed23736ee0af40,"[""/home/rmj/FPGA_LLM/llama2.c/build/smollm"",""replay"",""--mode"",""traces"",""--trace"",""/home/rmj/FPGA_LLM/llama2.c/traces/numerical/fp32_fp32.smtrace"",""--other"",""/home/rmj/FPGA_LLM/llama2.c/traces/numerical/w8a8_kv8.smtrace""]",14,0.420023918152,traces,57,0.0517693969185,q_rope,1,0,57,32832
d444685ef3228ef0f01eee77644159391f164fdf83c26382b42ed6e2b3825ef2,f05906efefe2cee8cd8652a83b7c795128abef00ec21aec6ad7dfa318a7304e9,fa8529960b8e0f8902f470da032b3f31102ce010c90b0ebcdabea6afee1aa2e1,replay,w8a8_kv8,True,4e9f6c50354337c415bb8c37e3ed23736ee0af40,"[""/home/rmj/FPGA_LLM/llama2.c/build/smollm"",""replay"",""--mode"",""traces"",""--trace"",""/home/rmj/FPGA_LLM/llama2.c/traces/numerical/fp32_fp32.smtrace"",""--other"",""/home/rmj/FPGA_LLM/llama2.c/traces/numerical/w8a8_kv8.smtrace""]",14,0.280557334423,traces,57,0.0527522332945,k_rope,1,2,57,10944
d444685ef3228ef0f01eee77644159391f164fdf83c26382b42ed6e2b3825ef2,f05906efefe2cee8cd8652a83b7c795128abef00ec21aec6ad7dfa318a7304e9,fa8529960b8e0f8902f470da032b3f31102ce010c90b0ebcdabea6afee1aa2e1,replay,w8a8_kv8,True,4e9f6c50354337c415bb8c37e3ed23736ee0af40,"[""/home/rmj/FPGA_LLM/llama2.c/build/smollm"",""replay"",""--mode"",""traces"",""--trace"",""/home/rmj/FPGA_LLM/llama2.c/traces/numerical/fp32_fp32.smtrace"",""--other"",""/home/rmj/FPGA_LLM/llama2.c/traces/numerical/w8a8_kv8.smtrace""]",14,0.252197623253,traces,57,0.0483975389208,v,1,6,57,10944
d444685ef3228ef0f01eee77644159391f164fdf83c26382b42ed6e2b3825ef2,f05906efefe2cee8cd8652a83b7c795128abef00ec21aec6ad7dfa318a7304e9,fa8529960b8e0f8902f470da032b3f31102ce010c90b0ebcdabea6afee1aa2e1,replay,w8a8_kv8,True,4e9f6c50354337c415bb8c37e3ed23736ee0af40,"[""/home/rmj/FPGA_LLM/llama2.c/build/smollm"",""replay"",""--mode"",""traces"",""--trace"",""/home/rmj/FPGA_LLM/llama2.c/traces/numerical/fp32_fp32.smtrace"",""--other"",""/home/rmj/FPGA_LLM/llama2.c/traces/numerical/w8a8_kv8.smtrace""]",14,0.277708530426,traces,513,0.0109293355646,softmax.exp,1,7,504,14877
d444685ef3228ef0f01eee77644159391f164fdf83c26382b42ed6e2b3825ef2,f05906efefe2cee8cd8652a83b7c795128abef00ec21aec6ad7dfa318a7304e9,fa8529960b8e0f8902f470da032b3f31102ce010c90b0ebcdabea6afee1aa2e1,replay,w8a8_kv8,True,4e9f6c50354337c415bb8c37e3ed23736ee0af40,"[""/home/rmj/FPGA_LLM/llama2.c/build/smollm"",""replay"",""--mode"",""traces"",""--trace"",""/home/rmj/FPGA_LLM/llama2.c/traces/numerical/fp32_fp32.smtrace"",""--other"",""/home/rmj/FPGA_LLM/llama2.c/traces/numerical/w8a8_kv8.smtrace""]",14,0.0665764957666,traces,513,0.0155960344295,softmax.reciprocal,1,0,0,513
d444685ef3228ef0f01eee77644159391f164fdf83c26382b42ed6e2b3825ef2,f05906efefe2cee8cd8652a83b7c795128abef00ec21aec6ad7dfa318a7304e9,fa8529960b8e0f8902f470da032b3f31102ce010c90b0ebcdabea6afee1aa2e1,replay,w8a8_kv8,True,4e9f6c50354337c415bb8c37e3ed23736ee0af40,"[""/home/rmj/FPGA_LLM/llama2.c/build/smollm"",""replay"",""--mode"",""traces"",""--trace"",""/home/rmj/FPGA_LLM/llama2.c/traces/numerical/fp32_fp32.smtrace"",""--other"",""/home/rmj/FPGA_LLM/llama2.c/traces/numerical/w8a8_kv8.smtrace""]",14,0.0665764957666,traces,513,0.00262597839575,attention.probabilities,1,7,513,29241
d444685ef3228ef0f01eee77644159391f164fdf83c26382b42ed6e2b3825ef2,f05906efefe2cee8cd8652a83b7c795128abef00ec21aec6ad7dfa318a7304e9,fa8529960b8e0f8902f470da032b3f31102ce010c90b0ebcdabea6afee1aa2e1,replay,w8a8_kv8,True,4e9f6c50354337c415bb8c37e3ed23736ee0af40,"[""/home/rmj/FPGA_LLM/llama2.c/build/smollm"",""replay"",""--mode"",""traces"",""--trace"",""/home/rmj/FPGA_LLM/llama2.c/traces/numerical/fp32_fp32.smtrace"",""--other"",""/home/rmj/FPGA_LLM/llama2.c/traces/numerical/w8a8_kv8.smtrace""]",14,0.185863494873,traces,57,0.0172380598092,attention,1,6,57,32832
d444685ef3228ef0f01eee77644159391f164fdf83c26382b42ed6e2b3825ef2,f05906efefe2cee8cd8652a83b7c795128abef00ec21aec6ad7dfa318a7304e9,fa8529960b8e0f8902f470da032b3f31102ce010c90b0ebcdabea6afee1aa2e1,replay,w8a8_kv8,True,4e9f6c50354337c415bb8c37e3ed23736ee0af40,"[""/home/rmj/FPGA_LLM/llama2.c/build/smollm"",""replay"",""--mode"",""traces"",""--trace"",""/home/rmj/FPGA_LLM/llama2.c/traces/numerical/fp32_fp32.smtrace"",""--other"",""/home/rmj/FPGA_LLM/llama2.c/traces/numerical/w8a8_kv8.smtrace""]",14,0.768647193909,traces,57,0.0610340853266,model.layers.14.self_attn.o_proj.weight,1,7,57,32832
d444685ef3228ef0f01eee77644159391f164fdf83c26382b42ed6e2b3825ef2,f05906efefe2cee8cd8652a83b7c795128abef00ec21aec6ad7dfa318a7304e9,fa8529960b8e0f8902f470da032b3f31102ce010c90b0ebcdabea6afee1aa2e1,replay,w8a8_kv8,True,4e9f6c50354337c415bb8c37e3ed23736ee0af40,"[""/home/rmj/FPGA_LLM/llama2.c/build/smollm"",""replay"",""--mode"",""traces"",""--trace"",""/home/rmj/FPGA_LLM/llama2.c/traces/numerical/fp32_fp32.smtrace"",""--other"",""/home/rmj/FPGA_LLM/llama2.c/traces/numerical/w8a8_kv8.smtrace""]",14,127.208984375,traces,57,0.84858598621,attn_residual,1,0,57,32832
d444685ef3228ef0f01eee77644159391f164fdf83c26382b42ed6e2b3825ef2,f05906efefe2cee8cd8652a83b7c795128abef00ec21aec6ad7dfa318a7304e9,fa8529960b8e0f8902f470da032b3f31102ce010c90b0ebcdabea6afee1aa2e1,replay,w8a8_kv8,True,4e9f6c50354337c415bb8c37e3ed23736ee0af40,"[""/home/rmj/FPGA_LLM/llama2.c/build/smollm"",""replay"",""--mode"",""traces"",""--trace"",""/home/rmj/FPGA_LLM/llama2.c/traces/numerical/fp32_fp32.smtrace"",""--other"",""/home/rmj/FPGA_LLM/llama2.c/traces/numerical/w8a8_kv8.smtrace""]",14,0.0437210649252,traces,57,0.00638419572433,ffn_norm,1,7,57,32832
d444685ef3228ef0f01eee77644159391f164fdf83c26382b42ed6e2b3825ef2,f05906efefe2cee8cd8652a83b7c795128abef00ec21aec6ad7dfa318a7304e9,fa8529960b8e0f8902f470da032b3f31102ce010c90b0ebcdabea6afee1aa2e1,replay,w8a8_kv8,True,4e9f6c50354337c415bb8c37e3ed23736ee0af40,"[""/home/rmj/FPGA_LLM/llama2.c/build/smollm"",""replay"",""--mode"",""traces"",""--trace"",""/home/rmj/FPGA_LLM/llama2.c/traces/numerical/fp32_fp32.smtrace"",""--other"",""/home/rmj/FPGA_LLM/llama2.c/traces/numerical/w8a8_kv8.smtrace""]",14,0.36465638876,traces,57,0.0299843569129,model.layers.14.mlp.gate_proj.weight,1,3,57,87552
d444685ef3228ef0f01eee77644159391f164fdf83c26382b42ed6e2b3825ef2,f05906efefe2cee8cd8652a83b7c795128abef00ec21aec6ad7dfa318a7304e9,fa8529960b8e0f8902f470da032b3f31102ce010c90b0ebcdabea6afee1aa2e1,replay,w8a8_kv8,True,4e9f6c50354337c415bb8c37e3ed23736ee0af40,"[""/home/rmj/FPGA_LLM/llama2.c/build/smollm"",""replay"",""--mode"",""traces"",""--trace"",""/home/rmj/FPGA_LLM/llama2.c/traces/numerical/fp32_fp32.smtrace"",""--other"",""/home/rmj/FPGA_LLM/llama2.c/traces/numerical/w8a8_kv8.smtrace""]",14,0.261006295681,traces,57,0.0316175598528,model.layers.14.mlp.up_proj.weight,1,4,57,87552
d444685ef3228ef0f01eee77644159391f164fdf83c26382b42ed6e2b3825ef2,f05906efefe2cee8cd8652a83b7c795128abef00ec21aec6ad7dfa318a7304e9,fa8529960b8e0f8902f470da032b3f31102ce010c90b0ebcdabea6afee1aa2e1,replay,w8a8_kv8,True,4e9f6c50354337c415bb8c37e3ed23736ee0af40,"[""/home/rmj/FPGA_LLM/llama2.c/build/smollm"",""replay"",""--mode"",""traces"",""--trace"",""/home/rmj/FPGA_LLM/llama2.c/traces/numerical/fp32_fp32.smtrace"",""--other"",""/home/rmj/FPGA_LLM/llama2.c/traces/numerical/w8a8_kv8.smtrace""]",14,67.2160949707,traces,57,0.327089121891,silu.exp,1,3,57,87552
d444685ef3228ef0f01eee77644159391f164fdf83c26382b42ed6e2b3825ef2,f05906efefe2cee8cd8652a83b7c795128abef00ec21aec6ad7dfa318a7304e9,fa8529960b8e0f8902f470da032b3f31102ce010c90b0ebcdabea6afee1aa2e1,replay,w8a8_kv8,True,4e9f6c50354337c415bb8c37e3ed23736ee0af40,"[""/home/rmj/FPGA_LLM/llama2.c/build/smollm"",""replay"",""--mode"",""traces"",""--trace"",""/home/rmj/FPGA_LLM/llama2.c/traces/numerical/fp32_fp32.smtrace"",""--other"",""/home/rmj/FPGA_LLM/llama2.c/traces/numerical/w8a8_kv8.smtrace""]",14,0.0711375772953,traces,57,0.00649788481643,silu.reciprocal,1,3,57,87552
d444685ef3228ef0f01eee77644159391f164fdf83c26382b42ed6e2b3825ef2,f05906efefe2cee8cd8652a83b7c795128abef00ec21aec6ad7dfa318a7304e9,fa8529960b8e0f8902f470da032b3f31102ce010c90b0ebcdabea6afee1aa2e1,replay,w8a8_kv8,True,4e9f6c50354337c415bb8c37e3ed23736ee0af40,"[""/home/rmj/FPGA_LLM/llama2.c/build/smollm"",""replay"",""--mode"",""traces"",""--trace"",""/home/rmj/FPGA_LLM/llama2.c/traces/numerical/fp32_fp32.smtrace"",""--other"",""/home/rmj/FPGA_LLM/llama2.c/traces/numerical/w8a8_kv8.smtrace""]",14,0.215630531311,traces,57,0.0143909590078,gate_silu,1,3,57,87552
d444685ef3228ef0f01eee77644159391f164fdf83c26382b42ed6e2b3825ef2,f05906efefe2cee8cd8652a83b7c795128abef00ec21aec6ad7dfa318a7304e9,fa8529960b8e0f8902f470da032b3f31102ce010c90b0ebcdabea6afee1aa2e1,replay,w8a8_kv8,True,4e9f6c50354337c415bb8c37e3ed23736ee0af40,"[""/home/rmj/FPGA_LLM/llama2.c/build/smollm"",""replay"",""--mode"",""traces"",""--trace"",""/home/rmj/FPGA_LLM/llama2.c/traces/numerical/fp32_fp32.smtrace"",""--other"",""/home/rmj/FPGA_LLM/llama2.c/traces/numerical/w8a8_kv8.smtrace""]",14,1.3271484375,traces,57,0.0930629502013,model.layers.14.mlp.down_proj.weight,1,4,57,32832
d444685ef3228ef0f01eee77644159391f164fdf83c26382b42ed6e2b3825ef2,f05906efefe2cee8cd8652a83b7c795128abef00ec21aec6ad7dfa318a7304e9,fa8529960b8e0f8902f470da032b3f31102ce010c90b0ebcdabea6afee1aa2e1,replay,w8a8_kv8,True,4e9f6c50354337c415bb8c37e3ed23736ee0af40,"[""/home/rmj/FPGA_LLM/llama2.c/build/smollm"",""replay"",""--mode"",""traces"",""--trace"",""/home/rmj/FPGA_LLM/llama2.c/traces/numerical/fp32_fp32.smtrace"",""--other"",""/home/rmj/FPGA_LLM/llama2.c/traces/numerical/w8a8_kv8.smtrace""]",14,127.169921875,traces,57,0.848625438647,ffn_residual,1,0,57,32832
d444685ef3228ef0f01eee77644159391f164fdf83c26382b42ed6e2b3825ef2,f05906efefe2cee8cd8652a83b7c795128abef00ec21aec6ad7dfa318a7304e9,fa8529960b8e0f8902f470da032b3f31102ce010c90b0ebcdabea6afee1aa2e1,replay,w8a8_kv8,True,4e9f6c50354337c415bb8c37e3ed23736ee0af40,"[""/home/rmj/FPGA_LLM/llama2.c/build/smollm"",""replay"",""--mode"",""traces"",""--trace"",""/home/rmj/FPGA_LLM/llama2.c/traces/numerical/fp32_fp32.smtrace"",""--other"",""/home/rmj/FPGA_LLM/llama2.c/traces/numerical/w8a8_kv8.smtrace""]",29,0.000237479805946,traces,114,9.70636019901e-05,rms.rsqrt,1,0,0,114
d444685ef3228ef0f01eee77644159391f164fdf83c26382b42ed6e2b3825ef2,f05906efefe2cee8cd8652a83b7c795128abef00ec21aec6ad7dfa318a7304e9,fa8529960b8e0f8902f470da032b3f31102ce010c90b0ebcdabea6afee1aa2e1,replay,w8a8_kv8,True,4e9f6c50354337c415bb8c37e3ed23736ee0af40,"[""/home/rmj/FPGA_LLM/llama2.c/build/smollm"",""replay"",""--mode"",""traces"",""--trace"",""/home/rmj/FPGA_LLM/llama2.c/traces/numerical/fp32_fp32.smtrace"",""--other"",""/home/rmj/FPGA_LLM/llama2.c/traces/numerical/w8a8_kv8.smtrace""]",29,0.0790942311287,traces,57,0.0114940780768,attn_norm,1,0,57,32832
d444685ef3228ef0f01eee77644159391f164fdf83c26382b42ed6e2b3825ef2,f05906efefe2cee8cd8652a83b7c795128abef00ec21aec6ad7dfa318a7304e9,fa8529960b8e0f8902f470da032b3f31102ce010c90b0ebcdabea6afee1aa2e1,replay,w8a8_kv8,True,4e9f6c50354337c415bb8c37e3ed23736ee0af40,"[""/home/rmj/FPGA_LLM/llama2.c/build/smollm"",""replay"",""--mode"",""traces"",""--trace"",""/home/rmj/FPGA_LLM/llama2.c/traces/numerical/fp32_fp32.smtrace"",""--other"",""/home/rmj/FPGA_LLM/llama2.c/traces/numerical/w8a8_kv8.smtrace""]",29,0.31980574131,traces,57,0.0447807658816,model.layers.29.self_attn.q_proj.weight,1,2,57,32832
d444685ef3228ef0f01eee77644159391f164fdf83c26382b42ed6e2b3825ef2,f05906efefe2cee8cd8652a83b7c795128abef00ec21aec6ad7dfa318a7304e9,fa8529960b8e0f8902f470da032b3f31102ce010c90b0ebcdabea6afee1aa2e1,replay,w8a8_kv8,True,4e9f6c50354337c415bb8c37e3ed23736ee0af40,"[""/home/rmj/FPGA_LLM/llama2.c/build/smollm"",""replay"",""--mode"",""traces"",""--trace"",""/home/rmj/FPGA_LLM/llama2.c/traces/numerical/fp32_fp32.smtrace"",""--other"",""/home/rmj/FPGA_LLM/llama2.c/traces/numerical/w8a8_kv8.smtrace""]",29,0.221788406372,traces,57,0.0372588013097,model.layers.29.self_attn.k_proj.weight,1,0,57,10944
d444685ef3228ef0f01eee77644159391f164fdf83c26382b42ed6e2b3825ef2,f05906efefe2cee8cd8652a83b7c795128abef00ec21aec6ad7dfa318a7304e9,fa8529960b8e0f8902f470da032b3f31102ce010c90b0ebcdabea6afee1aa2e1,replay,w8a8_kv8,True,4e9f6c50354337c415bb8c37e3ed23736ee0af40,"[""/home/rmj/FPGA_LLM/llama2.c/build/smollm"",""replay"",""--mode"",""traces"",""--trace"",""/home/rmj/FPGA_LLM/llama2.c/traces/numerical/fp32_fp32.smtrace"",""--other"",""/home/rmj/FPGA_LLM/llama2.c/traces/numerical/w8a8_kv8.smtrace""]",29,0.311530947685,traces,57,0.0797619803661,model.layers.29.self_attn.v_proj.weight,1,9,57,10944
d444685ef3228ef0f01eee77644159391f164fdf83c26382b42ed6e2b3825ef2,f05906efefe2cee8cd8652a83b7c795128abef00ec21aec6ad7dfa318a7304e9,fa8529960b8e0f8902f470da032b3f31102ce010c90b0ebcdabea6afee1aa2e1,replay,w8a8_kv8,True,4e9f6c50354337c415bb8c37e3ed23736ee0af40,"[""/home/rmj/FPGA_LLM/llama2.c/build/smollm"",""replay"",""--mode"",""traces"",""--trace"",""/home/rmj/FPGA_LLM/llama2.c/traces/numerical/fp32_fp32.smtrace"",""--other"",""/home/rmj/FPGA_LLM/llama2.c/traces/numerical/w8a8_kv8.smtrace""]",29,0,traces,114,0,rope.sincos,1,0,114,7296
d444685ef3228ef0f01eee77644159391f164fdf83c26382b42ed6e2b3825ef2,f05906efefe2cee8cd8652a83b7c795128abef00ec21aec6ad7dfa318a7304e9,fa8529960b8e0f8902f470da032b3f31102ce010c90b0ebcdabea6afee1aa2e1,replay,w8a8_kv8,True,4e9f6c50354337c415bb8c37e3ed23736ee0af40,"[""/home/rmj/FPGA_LLM/llama2.c/build/smollm"",""replay"",""--mode"",""traces"",""--trace"",""/home/rmj/FPGA_LLM/llama2.c/traces/numerical/fp32_fp32.smtrace"",""--other"",""/home/rmj/FPGA_LLM/llama2.c/traces/numerical/w8a8_kv8.smtrace""]",29,0.319809913635,traces,57,0.0447807661849,q_rope,1,1,57,32832
d444685ef3228ef0f01eee77644159391f164fdf83c26382b42ed6e2b3825ef2,f05906efefe2cee8cd8652a83b7c795128abef00ec21aec6ad7dfa318a7304e9,fa8529960b8e0f8902f470da032b3f31102ce010c90b0ebcdabea6afee1aa2e1,replay,w8a8_kv8,True,4e9f6c50354337c415bb8c37e3ed23736ee0af40,"[""/home/rmj/FPGA_LLM/llama2.c/build/smollm"",""replay"",""--mode"",""traces"",""--trace"",""/home/rmj/FPGA_LLM/llama2.c/traces/numerical/fp32_fp32.smtrace"",""--other"",""/home/rmj/FPGA_LLM/llama2.c/traces/numerical/w8a8_kv8.smtrace""]",29,0.221853137016,traces,57,0.0372588014044,k_rope,1,0,57,10944
d444685ef3228ef0f01eee77644159391f164fdf83c26382b42ed6e2b3825ef2,f05906efefe2cee8cd8652a83b7c795128abef00ec21aec6ad7dfa318a7304e9,fa8529960b8e0f8902f470da032b3f31102ce010c90b0ebcdabea6afee1aa2e1,replay,w8a8_kv8,True,4e9f6c50354337c415bb8c37e3ed23736ee0af40,"[""/home/rmj/FPGA_LLM/llama2.c/build/smollm"",""replay"",""--mode"",""traces"",""--trace"",""/home/rmj/FPGA_LLM/llama2.c/traces/numerical/fp32_fp32.smtrace"",""--other"",""/home/rmj/FPGA_LLM/llama2.c/traces/numerical/w8a8_kv8.smtrace""]",29,0.311530947685,traces,57,0.0797619803661,v,1,9,57,10944
d444685ef3228ef0f01eee77644159391f164fdf83c26382b42ed6e2b3825ef2,f05906efefe2cee8cd8652a83b7c795128abef00ec21aec6ad7dfa318a7304e9,fa8529960b8e0f8902f470da032b3f31102ce010c90b0ebcdabea6afee1aa2e1,replay,w8a8_kv8,True,4e9f6c50354337c415bb8c37e3ed23736ee0af40,"[""/home/rmj/FPGA_LLM/llama2.c/build/smollm"",""replay"",""--mode"",""traces"",""--trace"",""/home/rmj/FPGA_LLM/llama2.c/traces/numerical/fp32_fp32.smtrace"",""--other"",""/home/rmj/FPGA_LLM/llama2.c/traces/numerical/w8a8_kv8.smtrace""]",29,0.1955909729,traces,513,0.00938002820465,softmax.exp,1,10,504,14877
d444685ef3228ef0f01eee77644159391f164fdf83c26382b42ed6e2b3825ef2,f05906efefe2cee8cd8652a83b7c795128abef00ec21aec6ad7dfa318a7304e9,fa8529960b8e0f8902f470da032b3f31102ce010c90b0ebcdabea6afee1aa2e1,replay,w8a8_kv8,True,4e9f6c50354337c415bb8c37e3ed23736ee0af40,"[""/home/rmj/FPGA_LLM/llama2.c/build/smollm"",""replay"",""--mode"",""traces"",""--trace"",""/home/rmj/FPGA_LLM/llama2.c/traces/numerical/fp32_fp32.smtrace"",""--other"",""/home/rmj/FPGA_LLM/llama2.c/traces/numerical/w8a8_kv8.smtrace""]",29,0.0674199461937,traces,513,0.0206497995153,softmax.reciprocal,1,0,0,513
d444685ef3228ef0f01eee77644159391f164fdf83c26382b42ed6e2b3825ef2,f05906efefe2cee8cd8652a83b7c795128abef00ec21aec6ad7dfa318a7304e9,fa8529960b8e0f8902f470da032b3f31102ce010c90b0ebcdabea6afee1aa2e1,replay,w8a8_kv8,True,4e9f6c50354337c415bb8c37e3ed23736ee0af40,"[""/home/rmj/FPGA_LLM/llama2.c/build/smollm"",""replay"",""--mode"",""traces"",""--trace"",""/home/rmj/FPGA_LLM/llama2.c/traces/numerical/fp32_fp32.smtrace"",""--other"",""/home/rmj/FPGA_LLM/llama2.c/traces/numerical/w8a8_kv8.smtrace""]",29,0.0674199461937,traces,513,0.00331764564001,attention.probabilities,1,10,513,29241
d444685ef3228ef0f01eee77644159391f164fdf83c26382b42ed6e2b3825ef2,f05906efefe2cee8cd8652a83b7c795128abef00ec21aec6ad7dfa318a7304e9,fa8529960b8e0f8902f470da032b3f31102ce010c90b0ebcdabea6afee1aa2e1,replay,w8a8_kv8,True,4e9f6c50354337c415bb8c37e3ed23736ee0af40,"[""/home/rmj/FPGA_LLM/llama2.c/build/smollm"",""replay"",""--mode"",""traces"",""--trace"",""/home/rmj/FPGA_LLM/llama2.c/traces/numerical/fp32_fp32.smtrace"",""--other"",""/home/rmj/FPGA_LLM/llama2.c/traces/numerical/w8a8_kv8.smtrace""]",29,0.291520282626,traces,57,0.0753204996174,attention,1,2,57,32832
d444685ef3228ef0f01eee77644159391f164fdf83c26382b42ed6e2b3825ef2,f05906efefe2cee8cd8652a83b7c795128abef00ec21aec6ad7dfa318a7304e9,fa8529960b8e0f8902f470da032b3f31102ce010c90b0ebcdabea6afee1aa2e1,replay,w8a8_kv8,True,4e9f6c50354337c415bb8c37e3ed23736ee0af40,"[""/home/rmj/FPGA_LLM/llama2.c/build/smollm"",""replay"",""--mode"",""traces"",""--trace"",""/home/rmj/FPGA_LLM/llama2.c/traces/numerical/fp32_fp32.smtrace"",""--other"",""/home/rmj/FPGA_LLM/llama2.c/traces/numerical/w8a8_kv8.smtrace""]",29,2.841381073,traces,57,0.343771676293,model.layers.29.self_attn.o_proj.weight,1,0,57,32832
d444685ef3228ef0f01eee77644159391f164fdf83c26382b42ed6e2b3825ef2,f05906efefe2cee8cd8652a83b7c795128abef00ec21aec6ad7dfa318a7304e9,fa8529960b8e0f8902f470da032b3f31102ce010c90b0ebcdabea6afee1aa2e1,replay,w8a8_kv8,True,4e9f6c50354337c415bb8c37e3ed23736ee0af40,"[""/home/rmj/FPGA_LLM/llama2.c/build/smollm"",""replay"",""--mode"",""traces"",""--trace"",""/home/rmj/FPGA_LLM/llama2.c/traces/numerical/fp32_fp32.smtrace"",""--other"",""/home/rmj/FPGA_LLM/llama2.c/traces/numerical/w8a8_kv8.smtrace""]",29,48.2724609375,traces,57,1.18052510609,attn_residual,1,0,57,32832
d444685ef3228ef0f01eee77644159391f164fdf83c26382b42ed6e2b3825ef2,f05906efefe2cee8cd8652a83b7c795128abef00ec21aec6ad7dfa318a7304e9,fa8529960b8e0f8902f470da032b3f31102ce010c90b0ebcdabea6afee1aa2e1,replay,w8a8_kv8,True,4e9f6c50354337c415bb8c37e3ed23736ee0af40,"[""/home/rmj/FPGA_LLM/llama2.c/build/smollm"",""replay"",""--mode"",""traces"",""--trace"",""/home/rmj/FPGA_LLM/llama2.c/traces/numerical/fp32_fp32.smtrace"",""--other"",""/home/rmj/FPGA_LLM/llama2.c/traces/numerical/w8a8_kv8.smtrace""]",29,0.136297225952,traces,57,0.0104456633591,ffn_norm,1,0,57,32832
d444685ef3228ef0f01eee77644159391f164fdf83c26382b42ed6e2b3825ef2,f05906efefe2cee8cd8652a83b7c795128abef00ec21aec6ad7dfa318a7304e9,fa8529960b8e0f8902f470da032b3f31102ce010c90b0ebcdabea6afee1aa2e1,replay,w8a8_kv8,True,4e9f6c50354337c415bb8c37e3ed23736ee0af40,"[""/home/rmj/FPGA_LLM/llama2.c/build/smollm"",""replay"",""--mode"",""traces"",""--trace"",""/home/rmj/FPGA_LLM/llama2.c/traces/numerical/fp32_fp32.smtrace"",""--other"",""/home/rmj/FPGA_LLM/llama2.c/traces/numerical/w8a8_kv8.smtrace""]",29,0.449768424034,traces,57,0.0491127434241,model.layers.29.mlp.gate_proj.weight,1,4,57,87552
d444685ef3228ef0f01eee77644159391f164fdf83c26382b42ed6e2b3825ef2,f05906efefe2cee8cd8652a83b7c795128abef00ec21aec6ad7dfa318a7304e9,fa8529960b8e0f8902f470da032b3f31102ce010c90b0ebcdabea6afee1aa2e1,replay,w8a8_kv8,True,4e9f6c50354337c415bb8c37e3ed23736ee0af40,"[""/home/rmj/FPGA_LLM/llama2.c/build/smollm"",""replay"",""--mode"",""traces"",""--trace"",""/home/rmj/FPGA_LLM/llama2.c/traces/numerical/fp32_fp32.smtrace"",""--other"",""/home/rmj/FPGA_LLM/llama2.c/traces/numerical/w8a8_kv8.smtrace""]",29,0.522621154785,traces,57,0.0601334432329,model.layers.29.mlp.up_proj.weight,1,0,57,87552
d444685ef3228ef0f01eee77644159391f164fdf83c26382b42ed6e2b3825ef2,f05906efefe2cee8cd8652a83b7c795128abef00ec21aec6ad7dfa318a7304e9,fa8529960b8e0f8902f470da032b3f31102ce010c90b0ebcdabea6afee1aa2e1,replay,w8a8_kv8,True,4e9f6c50354337c415bb8c37e3ed23736ee0af40,"[""/home/rmj/FPGA_LLM/llama2.c/build/smollm"",""replay"",""--mode"",""traces"",""--trace"",""/home/rmj/FPGA_LLM/llama2.c/traces/numerical/fp32_fp32.smtrace"",""--other"",""/home/rmj/FPGA_LLM/llama2.c/traces/numerical/w8a8_kv8.smtrace""]",29,2003.74707031,traces,57,12.4641669477,silu.exp,1,2,57,87552
d444685ef3228ef0f01eee77644159391f164fdf83c26382b42ed6e2b3825ef2,f05906efefe2cee8cd8652a83b7c795128abef00ec21aec6ad7dfa318a7304e9,fa8529960b8e0f8902f470da032b3f31102ce010c90b0ebcdabea6afee1aa2e1,replay,w8a8_kv8,True,4e9f6c50354337c415bb8c37e3ed23736ee0af40,"[""/home/rmj/FPGA_LLM/llama2.c/build/smollm"",""replay"",""--mode"",""traces"",""--trace"",""/home/rmj/FPGA_LLM/llama2.c/traces/numerical/fp32_fp32.smtrace"",""--other"",""/home/rmj/FPGA_LLM/llama2.c/traces/numerical/w8a8_kv8.smtrace""]",29,0.091626226902,traces,57,0.00962248911117,silu.reciprocal,1,2,57,87552
d444685ef3228ef0f01eee77644159391f164fdf83c26382b42ed6e2b3825ef2,f05906efefe2cee8cd8652a83b7c795128abef00ec21aec6ad7dfa318a7304e9,fa8529960b8e0f8902f470da032b3f31102ce010c90b0ebcdabea6afee1aa2e1,replay,w8a8_kv8,True,4e9f6c50354337c415bb8c37e3ed23736ee0af40,"[""/home/rmj/FPGA_LLM/llama2.c/build/smollm"",""replay"",""--mode"",""traces"",""--trace"",""/home/rmj/FPGA_LLM/llama2.c/traces/numerical/fp32_fp32.smtrace"",""--other"",""/home/rmj/FPGA_LLM/llama2.c/traces/numerical/w8a8_kv8.smtrace""]",29,0.447388887405,traces,57,0.0309650362585,gate_silu,1,4,57,87552
d444685ef3228ef0f01eee77644159391f164fdf83c26382b42ed6e2b3825ef2,f05906efefe2cee8cd8652a83b7c795128abef00ec21aec6ad7dfa318a7304e9,fa8529960b8e0f8902f470da032b3f31102ce010c90b0ebcdabea6afee1aa2e1,replay,w8a8_kv8,True,4e9f6c50354337c415bb8c37e3ed23736ee0af40,"[""/home/rmj/FPGA_LLM/llama2.c/build/smollm"",""replay"",""--mode"",""traces"",""--trace"",""/home/rmj/FPGA_LLM/llama2.c/traces/numerical/fp32_fp32.smtrace"",""--other"",""/home/rmj/FPGA_LLM/llama2.c/traces/numerical/w8a8_kv8.smtrace""]",29,138.443115234,traces,57,1.50453843988,model.layers.29.mlp.down_proj.weight,1,4,57,32832
d444685ef3228ef0f01eee77644159391f164fdf83c26382b42ed6e2b3825ef2,f05906efefe2cee8cd8652a83b7c795128abef00ec21aec6ad7dfa318a7304e9,fa8529960b8e0f8902f470da032b3f31102ce010c90b0ebcdabea6afee1aa2e1,replay,w8a8_kv8,True,4e9f6c50354337c415bb8c37e3ed23736ee0af40,"[""/home/rmj/FPGA_LLM/llama2.c/build/smollm"",""replay"",""--mode"",""traces"",""--trace"",""/home/rmj/FPGA_LLM/llama2.c/traces/numerical/fp32_fp32.smtrace"",""--other"",""/home/rmj/FPGA_LLM/llama2.c/traces/numerical/w8a8_kv8.smtrace""]",29,90.1706542969,traces,57,1.75608402783,ffn_residual,1,0,57,32832
d444685ef3228ef0f01eee77644159391f164fdf83c26382b42ed6e2b3825ef2,f05906efefe2cee8cd8652a83b7c795128abef00ec21aec6ad7dfa318a7304e9,fa8529960b8e0f8902f470da032b3f31102ce010c90b0ebcdabea6afee1aa2e1,replay,w8a8_kv8,True,4e9f6c50354337c415bb8c37e3ed23736ee0af40,"[""/home/rmj/FPGA_LLM/llama2.c/build/smollm"",""replay"",""--mode"",""traces"",""--trace"",""/home/rmj/FPGA_LLM/llama2.c/traces/numerical/fp32_fp32.smtrace"",""--other"",""/home/rmj/FPGA_LLM/llama2.c/traces/numerical/w8a8_kv8.smtrace""]",-1,0.0124513916671,traces,57,0.00165770770879,rms.rsqrt,1,0,0,57
d444685ef3228ef0f01eee77644159391f164fdf83c26382b42ed6e2b3825ef2,f05906efefe2cee8cd8652a83b7c795128abef00ec21aec6ad7dfa318a7304e9,fa8529960b8e0f8902f470da032b3f31102ce010c90b0ebcdabea6afee1aa2e1,replay,w8a8_kv8,True,4e9f6c50354337c415bb8c37e3ed23736ee0af40,"[""/home/rmj/FPGA_LLM/llama2.c/build/smollm"",""replay"",""--mode"",""traces"",""--trace"",""/home/rmj/FPGA_LLM/llama2.c/traces/numerical/fp32_fp32.smtrace"",""--other"",""/home/rmj/FPGA_LLM/llama2.c/traces/numerical/w8a8_kv8.smtrace""]",-1,4.28602409363,traces,57,0.116213351285,final_norm,1,5,57,32832
d444685ef3228ef0f01eee77644159391f164fdf83c26382b42ed6e2b3825ef2,f05906efefe2cee8cd8652a83b7c795128abef00ec21aec6ad7dfa318a7304e9,fa8529960b8e0f8902f470da032b3f31102ce010c90b0ebcdabea6afee1aa2e1,replay,w8a8_kv8,True,4e9f6c50354337c415bb8c37e3ed23736ee0af40,"[""/home/rmj/FPGA_LLM/llama2.c/build/smollm"",""replay"",""--mode"",""traces"",""--trace"",""/home/rmj/FPGA_LLM/llama2.c/traces/numerical/fp32_fp32.smtrace"",""--other"",""/home/rmj/FPGA_LLM/llama2.c/traces/numerical/w8a8_kv8.smtrace""]",-1,9.95070075989,traces,57,0.546200801628,model.embed_tokens.weight,1,9,57,2801664
d444685ef3228ef0f01eee77644159391f164fdf83c26382b42ed6e2b3825ef2,f05906efefe2cee8cd8652a83b7c795128abef00ec21aec6ad7dfa318a7304e9,fa8529960b8e0f8902f470da032b3f31102ce010c90b0ebcdabea6afee1aa2e1,replay,w8a8_kv8,True,4e9f6c50354337c415bb8c37e3ed23736ee0af40,"[""/home/rmj/FPGA_LLM/llama2.c/build/smollm"",""replay"",""--mode"",""traces"",""--trace"",""/home/rmj/FPGA_LLM/llama2.c/traces/numerical/fp32_fp32.smtrace"",""--other"",""/home/rmj/FPGA_LLM/llama2.c/traces/numerical/w8a8_kv8.smtrace""]",-1,9.95070075989,traces,57,0.546200801628,logits,1,9,57,2801664
